WigleWifi-1.4,appRelease=2.26,model=LG-H870,release=7.0,device=lucye,display=NRD90U,board=msm8996,brand=lge
MAC,SSID,AuthMode,FirstSeen,Channel,RSSI,CurrentLatitude,CurrentLongitude,AltitudeMeters,AccuracyMeters,Type
24:79:2a:2c:3d:6c,Ariel_University,[ESS],2017-10-29 15:02:43,44,-65,32.10310443,35.20722873,1051,60.68000030517578,WIFI
24:79:2a:2c:3d:68,Ariel_University,[ESS],2017-10-29 15:02:43,11,-55,32.10310443,35.20722873,1051,60.68000030517578,WIFI
34:8f:27:20:8c:1c,Ariel_University,[ESS],2017-10-29 15:02:43,36,-63,32.10310443,35.20722873,1051,60.68000030517578,WIFI
34:8f:27:20:8c:18,Ariel_University,[ESS],2017-10-29 15:02:43,1,-61,32.10310443,35.20722873,1051,60.68000030517578,WIFI
ec:8c:a2:08:78:c8,Ariel_University,[ESS],2017-10-29 15:02:43,6,-78,32.10310443,35.20722873,1051,60.68000030517578,WIFI
00:25:86:cb:fd:f8,,[ESS],2017-10-29 15:02:43,9,-69,32.10310443,35.20722873,1051,60.68000030517578,WIFI
ec:8c:a2:08:94:18,Ariel_University,[ESS],2017-10-29 15:02:43,1,-76,32.10310443,35.20722873,1051,60.68000030517578,WIFI
1c:b9:c4:16:d2:88,Ariel_University,[ESS],2017-10-29 15:02:43,6,-75,32.10310443,35.20722873,1051,60.68000030517578,WIFI
1c:b9:c4:12:90:b8,Ariel_University,[ESS],2017-10-29 15:02:43,11,-81,32.10310443,35.20722873,1051,60.68000030517578,WIFI
34:8f:27:a0:8c:17,,[WPA2-PSK-CCMP][ESS],2017-10-29 15:02:43,36,-62,32.10310443,35.20722873,1051,60.68000030517578,WIFI
1c:b9:c4:16:28:e8,Ariel_University,[ESS],2017-10-29 15:02:43,1,-78,32.10310443,35.20722873,1051,60.68000030517578,WIFI
42507_7211_3084803,HOT mobile,UNKNOWN;il,2017-10-29 15:02:43,0,-113,32.10310443,35.20722873,1051,60.68000030517578,GSM
24:79:2a:2c:3d:6c,Ariel_University,[ESS],2017-10-29 15:02:48,44,-59,32.10309237,35.2072303,1052,145.63198852539062,WIFI
24:79:2a:ac:3d:67,,[WPA2-PSK-CCMP][ESS],2017-10-29 15:02:48,44,-60,32.10309237,35.2072303,1052,145.63198852539062,WIFI
f8:d1:11:77:77:c6,HelpDesk,[WPA-PSK-CCMP+TKIP][WPA2-PSK-CCMP+TKIP][ESS],2017-10-29 15:02:48,4,-84,32.10309237,35.2072303,1052,145.63198852539062,WIFI
6c:b0:ce:35:d1:07,sfaradir-2.4,[WPA2-PSK-CCMP][WPS][ESS],2017-11-10 11:17:22,1,-71,31.87853525,34.74700661,66,12.13599967956543,WIFI
d8:37:be:f1:66:c1,TB,[WPA2-PSK-CCMP][ESS],2017-11-10 11:17:22,9,-80,31.87853525,34.74700661,66,12.13599967956543,WIFI
14:ae:db:c1:2b:65,Ziva,[WPA2-PSK-CCMP][ESS],2017-11-10 11:17:22,11,-77,31.87853525,34.74700661,66,12.13599967956543,WIFI
6c:b0:ce:35:d1:08,sfaradir-5,[WPA2-PSK-CCMP][WPS][ESS],2017-11-10 11:17:22,60,-84,31.87853525,34.74700661,66,12.13599967956543,WIFI
14:ae:db:b1:07:3d,Elizabeth_Wifi,[WPA2-PSK-CCMP][ESS],2017-11-10 11:17:22,11,-81,31.87853525,34.74700661,66,12.13599967956543,WIFI
20:0c:c8:0f:c4:a6,Amber,[WPS][ESS],2017-11-10 11:17:22,1,-84,31.87853525,34.74700661,66,12.13599967956543,WIFI
bc:f6:85:0e:93:8d,Bezeq-N_0e938c,[ESS],2017-11-10 11:17:22,6,-84,31.87853525,34.74700661,66,12.13599967956543,WIFI
42507_11111_8501771,HOT mobile,UNKNOWN;il,2017-11-10 11:17:22,0,-113,31.87853525,34.74700661,66,12.13599967956543,GSM
00:e0:20:5e:a4:c4,Wifi-Repeater,[WPS][ESS],2017-11-10 11:17:24,1,-78,31.87850361,34.74702242,54,6.067999839782715,WIFI
00:90:8f:81:a0:64,Irina,[WPA-PSK-CCMP][WPA2-PSK-CCMP][ESS],2017-11-10 11:17:26,1,-83,31.87851405,34.74699672,58,4.550999641418457,WIFI
1c:5f:2b:8b:36:a0,NGN_2.4,[WPA-PSK-CCMP][WPA2-PSK-CCMP][ESS],2017-11-10 11:17:26,7,-86,31.87851405,34.74699672,58,4.550999641418457,WIFI
00:78:9e:fb:0c:d1,HOTBOX-DC7A,[WPA-PSK-CCMP+TKIP][WPA2-PSK-CCMP+TKIP][ESS],2017-11-10 11:17:34,1,-85,31.8784901,34.74700867,53,4.550999641418457,WIFI
90:f6:52:2a:17:1a,noname,[WPA2-PSK-CCMP][ESS],2017-11-10 11:17:37,4,-82,31.87846829,34.74700643,48,4.550999641418457,WIFI
00:02:6f:c8:a0:92,,[ESS],2017-11-10 11:17:46,13,-86,31.87846156,34.74698328,47,4.550999641418457,WIFI
d4:6e:0e:3b:9b:ce,meni_ap2,[WPA2-PSK-CCMP+TKIP][WPS][ESS],2017-11-10 11:17:51,7,-87,31.878462,34.74704654,49,4.550999641418457,WIFI
90:f6:52:2a:17:1a,noname,[WPA2-PSK-CCMP][ESS],2017-11-10 11:17:55,4,-76,31.87839966,34.74714882,49,6.067999839782715,WIFI
10:be:f5:3f:b0:d0,Natalie,[WPA2-PSK-CCMP][ESS],2017-11-10 11:17:55,6,-83,31.87839966,34.74714882,49,6.067999839782715,WIFI
14:ae:db:30:9b:72,hagbi10,[WPA2-PSK-CCMP][ESS],2017-11-10 11:17:55,5,-85,31.87839966,34.74714882,49,6.067999839782715,WIFI
20:0c:c8:0e:9c:5f,meital 2.4,[WPA2-PSK-CCMP][WPS][ESS],2017-11-10 11:17:55,1,-85,31.87839966,34.74714882,49,6.067999839782715,WIFI
00:78:9e:fb:0c:d1,HOTBOX-DC7A,[WPA-PSK-CCMP+TKIP][WPA2-PSK-CCMP+TKIP][ESS],2017-11-10 11:17:57,1,-75,31.87836371,34.74722081,50,6.067999839782715,WIFI
70:62:b8:32:fb:2b,omer1_2.4,[WPA2-PSK-CCMP][ESS],2017-11-10 11:17:57,6,-82,31.87836371,34.74722081,50,6.067999839782715,WIFI
14:ae:db:c1:2b:65,Ziva,[WPA2-PSK-CCMP][ESS],2017-11-10 11:17:59,11,-69,31.8783471,34.74725962,49,4.550999641418457,WIFI
bc:f6:85:0e:93:8d,Bezeq-N_0e938c,[ESS],2017-11-10 11:17:59,6,-79,31.8783471,34.74725962,49,4.550999641418457,WIFI
20:0c:c8:0e:9c:5f,meital 2.4,[WPA2-PSK-CCMP][WPS][ESS],2017-11-10 11:17:59,1,-80,31.8783471,34.74725962,49,4.550999641418457,WIFI
70:62:b8:32:fb:2b,omer1_2.4,[WPA2-PSK-CCMP][ESS],2017-11-10 11:17:59,6,-76,31.8783471,34.74725962,49,4.550999641418457,WIFI
14:ae:db:44:71:dd,BEZEQINT-71D9,[WPA-PSK-CCMP+TKIP][WPA2-PSK-CCMP+TKIP][WPS][ESS],2017-11-10 11:18:08,1,-83,31.87811835,34.74724909,44,4.550999641418457,WIFI
14:ae:db:55:b4:7d,HaNi,[WPA-PSK-CCMP+TKIP][WPA2-PSK-CCMP+TKIP][WPS][ESS],2017-11-10 11:18:10,6,-76,31.87797138,34.74716181,43,4.550999641418457,WIFI
00:90:8f:38:7a:78,Gabi1950,[WPA-PSK-CCMP][WPA2-PSK-CCMP][ESS],2017-11-10 11:18:10,3,-79,31.87797138,34.74716181,43,4.550999641418457,WIFI
64:66:b3:ac:95:aa,TP-LINK_AC95AA,[WPA2-PSK-CCMP+TKIP][WPS][ESS],2017-11-10 11:18:12,1,-82,31.87782636,34.74708838,44,4.550999641418457,WIFI
b0:b2:8f:3e:ad:e1,HOTBOX-EB4B,[WPA-PSK-CCMP+TKIP][WPA2-PSK-CCMP+TKIP][ESS],2017-11-10 11:18:12,1,-80,31.87782636,34.74708838,44,4.550999641418457,WIFI
64:66:b3:ac:95:aa,TP-LINK_AC95AA,[WPA2-PSK-CCMP+TKIP][WPS][ESS],2017-11-10 11:18:14,1,-76,31.87773366,34.74702117,43,4.550999641418457,WIFI
40:a5:ef:11:d5:9a,COMFAST,[WPA2-PSK-CCMP][WPS][ESS],2017-11-10 11:18:14,11,-79,31.87773366,34.74702117,43,4.550999641418457,WIFI
e0:ce:c3:18:6c:04,Meshi,[WPA-PSK-CCMP+TKIP][WPA2-PSK-CCMP+TKIP][ESS],2017-11-10 11:18:14,1,-82,31.87773366,34.74702117,43,4.550999641418457,WIFI
00:90:8f:38:7a:78,Gabi1950,[WPA-PSK-CCMP][WPA2-PSK-CCMP][ESS],2017-11-10 11:18:16,3,-72,31.87767884,34.74699242,43,6.067999839782715,WIFI
6c:2e:85:fe:fc:1b,HILA,[WPA-PSK-CCMP+TKIP][WPA2-PSK-CCMP+TKIP][WPS][ESS],2017-11-10 11:18:16,1,-75,31.87767884,34.74699242,43,6.067999839782715,WIFI
f8:1a:67:c2:1f:c6,home2015,[WPA-PSK-CCMP+TKIP][WPA2-PSK-CCMP+TKIP][WPS][ESS],2017-11-10 11:18:18,11,-80,31.8776456,34.74696015,44,6.067999839782715,WIFI
f8:1a:67:c2:1f:c6,home2015,[WPA-PSK-CCMP+TKIP][WPA2-PSK-CCMP+TKIP][WPS][ESS],2017-11-10 11:18:21,11,-75,31.87759788,34.74689139,45,6.067999839782715,WIFI
10:5a:f7:0e:15:1a,Maor-lasri-Agever5,[WPA2-PSK-CCMP][ESS],2017-11-10 11:18:21,52,-88,31.87759788,34.74689139,45,6.067999839782715,WIFI
14:ae:db:57:5c:8d,Mazafaka,[WPA2-PSK-CCMP][ESS],2017-11-10 11:18:21,6,-85,31.87759788,34.74689139,45,6.067999839782715,WIFI
42507_11111_8501763,HOT mobile,UNKNOWN;il,2017-11-10 11:18:21,0,-113,31.87759788,34.74689139,45,6.067999839782715,GSM
14:ae:db:b9:83:ad,anna-1,[WPA2-PSK-CCMP][ESS],2017-11-10 11:18:25,1,-87,31.87759211,34.74675093,44,6.067999839782715,WIFI
34:ce:00:1e:21:96,Azulay,[WPA-PSK-CCMP+TKIP][WPA2-PSK-CCMP+TKIP][WPS][ESS],2017-11-10 11:18:27,1,-68,31.87766432,34.74656055,43,6.067999839782715,WIFI
a0:ab:1b:61:99:6c,Maabi,[WPA2-PSK-CCMP][ESS],2017-11-10 11:18:27,3,-82,31.87766432,34.74656055,43,6.067999839782715,WIFI
48:ee:0c:3f:8f:e8,rafi,[WPA2-PSK-CCMP][ESS],2017-11-10 11:18:27,9,-83,31.87766432,34.74656055,43,6.067999839782715,WIFI
00:e0:20:84:47:0d,HOTBOX-0CEE,[WPA2-PSK-CCMP][WPS][ESS],2017-11-10 11:18:27,1,-79,31.87766432,34.74656055,43,6.067999839782715,WIFI
d0:0f:6d:81:00:19,Maor_12,[WPA2-PSK-CCMP][ESS],2017-11-10 11:18:27,8,-85,31.87766432,34.74656055,43,6.067999839782715,WIFI
7c:b7:33:a1:95:6b,Avi,[WPA-PSK-CCMP+TKIP][WPA2-PSK-CCMP+TKIP][ESS],2017-11-10 11:18:27,11,-82,31.87766432,34.74656055,43,6.067999839782715,WIFI
d8:fe:e3:02:02:a1,Bezeq-N_0202a0,[ESS],2017-11-10 11:18:27,11,-76,31.87766432,34.74656055,43,6.067999839782715,WIFI
52:fe:e3:02:02:a2,Bezeq Free 0202A0,[ESS],2017-11-10 11:18:27,11,-77,31.87766432,34.74656055,43,6.067999839782715,WIFI
a4:52:6f:ff:d6:99,Moria,[WPA2-PSK-CCMP][ESS],2017-11-10 11:18:29,1,-73,31.8777624,34.74633544,43,6.067999839782715,WIFI
e0:ce:c3:86:92:e1,HOTFiber-D6EC,[WPA-PSK-CCMP+TKIP][WPA2-PSK-CCMP+TKIP][ESS],2017-11-10 11:18:29,6,-79,31.8777624,34.74633544,43,6.067999839782715,WIFI
74:44:01:3a:58:fe,RIVA,[WPA-PSK-TKIP][WPS][ESS],2017-11-10 11:18:29,11,-81,31.8777624,34.74633544,43,6.067999839782715,WIFI
bc:f6:85:0e:93:8d,Bezeq-N_0e938c,[ESS],2017-11-10 11:18:31,6,-89,31.87783772,34.74615928,42,6.067999839782715,WIFI
14:ae:db:b9:83:ad,anna-1,[WPA2-PSK-CCMP][ESS],2017-11-10 11:18:31,1,-81,31.87783772,34.74615928,42,6.067999839782715,WIFI
00:78:9e:fa:6e:b3,hotbb,[WPA-PSK-CCMP+TKIP][WPA2-PSK-CCMP+TKIP][ESS],2017-11-10 11:18:31,11,-75,31.87783772,34.74615928,42,6.067999839782715,WIFI
00:8c:54:8e:e7:f1,Dvir,[WPA2-PSK-CCMP][ESS],2017-11-10 11:18:31,6,-79,31.87783772,34.74615928,42,6.067999839782715,WIFI
a0:ab:1b:56:4e:7c,Adir_123,[WPA2-PSK-CCMP][ESS],2017-11-10 11:18:31,1,-82,31.87783772,34.74615928,42,6.067999839782715,WIFI
fc:b4:e6:1e:09:de,HOTFiber-C359,[WPA-PSK-CCMP+TKIP][WPA2-PSK-CCMP+TKIP][ESS],2017-11-10 11:18:31,1,-82,31.87783772,34.74615928,42,6.067999839782715,WIFI
70:62:b8:34:01:15,marina,[WPA2-PSK-CCMP][ESS],2017-11-10 11:18:31,1,-83,31.87783772,34.74615928,42,6.067999839782715,WIFI
00:8c:54:8e:e7:f1,Dvir,[WPA2-PSK-CCMP][ESS],2017-11-10 11:18:33,6,-73,31.87789009,34.74607458,42,4.550999641418457,WIFI
fc:b4:e6:1e:09:de,HOTFiber-C359,[WPA-PSK-CCMP+TKIP][WPA2-PSK-CCMP+TKIP][ESS],2017-11-10 11:18:33,1,-70,31.87789009,34.74607458,42,4.550999641418457,WIFI
64:70:02:9e:a0:52,Moshel,[WPA2-PSK-CCMP+TKIP][WPS][ESS],2017-11-10 11:18:33,4,-81,31.87789009,34.74607458,42,4.550999641418457,WIFI
b4:ee:b4:a8:7a:f4,ED50,[WPA-PSK-CCMP+TKIP][WPA2-PSK-CCMP+TKIP][ESS],2017-11-10 11:18:33,11,-81,31.87789009,34.74607458,42,4.550999641418457,WIFI
14:ae:db:c5:1d:72,reuvencohen,[WPA2-PSK-CCMP][ESS],2017-11-10 11:18:33,7,-81,31.87789009,34.74607458,42,4.550999641418457,WIFI
e0:ce:c3:3c:54:3b,moran,[WPA-PSK-CCMP+TKIP][WPA2-PSK-CCMP+TKIP][ESS],2017-11-10 11:18:33,9,-85,31.87789009,34.74607458,42,4.550999641418457,WIFI
b0:b2:8f:3f:18:08,HOTBOX-144C,[WPA-PSK-CCMP+TKIP][WPA2-PSK-CCMP+TKIP][ESS],2017-11-10 11:18:33,1,-86,31.87789009,34.74607458,42,4.550999641418457,WIFI
00:18:25:03:79:50,TP-LINK241,[ESS],2017-11-10 11:18:33,13,-83,31.87789009,34.74607458,42,4.550999641418457,WIFI
d0:0f:6d:81:00:19,Maor_12,[WPA2-PSK-CCMP][ESS],2017-11-10 11:18:35,8,-80,31.87799902,34.74601832,43,4.550999641418457,WIFI
14:ae:db:56:23:75,Yosi494,[WPA-PSK-CCMP+TKIP][WPA2-PSK-CCMP+TKIP][WPS][ESS],2017-11-10 11:18:35,6,-74,31.87799902,34.74601832,43,4.550999641418457,WIFI
e0:46:9a:66:b5:b6,SHLOMI,[WPA2-PSK-CCMP][WPS][ESS],2017-11-10 11:18:35,8,-75,31.87799902,34.74601832,43,4.550999641418457,WIFI
14:ae:db:b1:38:05,analia,[WPA2-PSK-CCMP][ESS],2017-11-10 11:18:35,11,-75,31.87799902,34.74601832,43,4.550999641418457,WIFI
14:ae:db:be:c6:52,Shaked.2.4,[WPA2-PSK-CCMP][ESS],2017-11-10 11:18:35,11,-78,31.87799902,34.74601832,43,4.550999641418457,WIFI
c4:04:15:1c:1b:80,Kiosk,[WPA2-PSK-CCMP][WPS][ESS],2017-11-10 11:18:35,8,-80,31.87799902,34.74601832,43,4.550999641418457,WIFI
7c:03:4c:ba:c7:2e,HOTBOX123,[WPA-PSK-CCMP+TKIP][WPA2-PSK-CCMP+TKIP][ESS],2017-11-10 11:18:35,1,-83,31.87799902,34.74601832,43,4.550999641418457,WIFI
10:5a:f7:09:c9:69,oshri_2.4,[WPA2-PSK-CCMP][ESS],2017-11-10 11:18:35,11,-87,31.87799902,34.74601832,43,4.550999641418457,WIFI
c4:04:15:1c:1b:80,Kiosk,[WPA2-PSK-CCMP][WPS][ESS],2017-11-10 11:18:37,8,-71,31.87813177,34.74602917,44,4.550999641418457,WIFI
40:65:a3:2c:14:b5,hakakian,[WPA-PSK-CCMP+TKIP][WPA2-PSK-CCMP+TKIP][ESS],2017-11-10 11:18:37,1,-84,31.87813177,34.74602917,44,4.550999641418457,WIFI
06:ae:db:b1:35:15,BezeqFree,[WPA2-PSK-CCMP][ESS],2017-11-10 11:18:37,1,-86,31.87813177,34.74602917,44,4.550999641418457,WIFI
64:70:02:9e:a0:52,Moshel,[WPA2-PSK-CCMP+TKIP][WPS][ESS],2017-11-10 11:18:39,4,-76,31.8782755,34.74611907,44,4.550999641418457,WIFI
7c:03:4c:ba:c7:2e,HOTBOX123,[WPA-PSK-CCMP+TKIP][WPA2-PSK-CCMP+TKIP][ESS],2017-11-10 11:18:39,1,-76,31.8782755,34.74611907,44,4.550999641418457,WIFI
d4:6e:0e:3b:9b:ce,meni_ap2,[WPA2-PSK-CCMP+TKIP][WPS][ESS],2017-11-10 11:18:39,7,-78,31.8782755,34.74611907,44,4.550999641418457,WIFI
a0:4f:d4:3d:10:51,Amran,[WPA2-PSK-CCMP][ESS],2017-11-10 11:18:39,11,-81,31.8782755,34.74611907,44,4.550999641418457,WIFI
50:04:b8:32:2f:1c,Partner.Home-2F1C,[WPA2-PSK-CCMP][ESS],2017-11-10 11:18:39,4,-82,31.8782755,34.74611907,44,4.550999641418457,WIFI
08:3e:5d:5b:a9:62,HOTBOX-EB4B,[WPA-PSK-CCMP+TKIP][WPA2-PSK-CCMP+TKIP][ESS],2017-11-10 11:18:39,1,-82,31.8782755,34.74611907,44,4.550999641418457,WIFI
c0:ac:54:f5:e0:fb,hot1,[WPA-PSK-CCMP+TKIP][WPA2-PSK-CCMP+TKIP][ESS],2017-11-10 11:18:39,11,-82,31.8782755,34.74611907,44,4.550999641418457,WIFI
3c:1e:04:08:a8:e5,shoval_2.4,[WPA2-PSK-CCMP][ESS],2017-11-10 11:18:39,1,-82,31.8782755,34.74611907,44,4.550999641418457,WIFI
c4:12:f5:fe:73:92,sagi,[WPA2-PSK-CCMP][ESS],2017-11-10 11:18:39,1,-83,31.8782755,34.74611907,44,4.550999641418457,WIFI
00:78:9e:fb:95:65,Igal,[WPA-PSK-CCMP+TKIP][WPA2-PSK-CCMP+TKIP][ESS],2017-11-10 11:18:39,6,-84,31.8782755,34.74611907,44,4.550999641418457,WIFI
14:af:db:30:9b:72,BezeqFree,[WPA2-PSK-CCMP][ESS],2017-11-10 11:18:39,5,-84,31.8782755,34.74611907,44,4.550999641418457,WIFI
14:ae:db:30:9b:72,hagbi10,[WPA2-PSK-CCMP][ESS],2017-11-10 11:18:39,5,-85,31.8782755,34.74611907,44,4.550999641418457,WIFI
e8:74:e6:ff:e7:61,Cellcom-WiFi,[WPA2-PSK-CCMP][ESS],2017-11-10 11:18:39,11,-85,31.8782755,34.74611907,44,4.550999641418457,WIFI
00:22:b0:e8:db:dd,Y,[WEP][ESS],2017-11-10 11:18:39,6,-82,31.8782755,34.74611907,44,4.550999641418457,WIFI
14:ae:db:56:23:75,Yosi494,[WPA-PSK-CCMP+TKIP][WPA2-PSK-CCMP+TKIP][WPS][ESS],2017-11-10 11:18:41,6,-63,31.87843972,34.74621832,44,4.550999641418457,WIFI
00:22:b0:e8:db:dd,Y,[WEP][ESS],2017-11-10 11:18:41,6,-73,31.87843972,34.74621832,44,4.550999641418457,WIFI
f8:e9:03:0f:bd:5b,MAOR_2.4,[WPA2-PSK-CCMP][ESS],2017-11-10 11:18:41,11,-69,31.87843972,34.74621832,44,4.550999641418457,WIFI
00:78:9e:fa:94:9e,BISLI,[WPA-PSK-CCMP+TKIP][WPA2-PSK-CCMP+TKIP][ESS],2017-11-10 11:18:41,9,-77,31.87843972,34.74621832,44,4.550999641418457,WIFI
7c:03:4c:ba:ce:8a,HOTBOX-A35E,[WPA-PSK-CCMP+TKIP][WPA2-PSK-CCMP+TKIP][ESS],2017-11-10 11:18:41,11,-77,31.87843972,34.74621832,44,4.550999641418457,WIFI
7c:b7:33:2c:a1:8f,mesika,[WPA-PSK-CCMP+TKIP][WPA2-PSK-CCMP+TKIP][ESS],2017-11-10 11:18:41,1,-78,31.87843972,34.74621832,44,4.550999641418457,WIFI
10:5a:f7:09:4d:19,zoei_2.4,[WPA2-PSK-CCMP][ESS],2017-11-10 11:18:41,1,-81,31.87843972,34.74621832,44,4.550999641418457,WIFI
00:78:9e:fb:95:65,Igal,[WPA-PSK-CCMP+TKIP][WPA2-PSK-CCMP+TKIP][ESS],2017-11-10 11:18:43,6,-78,31.87862446,34.7463212,44,4.550999641418457,WIFI
14:af:db:30:9b:72,BezeqFree,[WPA2-PSK-CCMP][ESS],2017-11-10 11:18:43,5,-70,31.87862446,34.7463212,44,4.550999641418457,WIFI
14:ae:db:30:9b:72,hagbi10,[WPA2-PSK-CCMP][ESS],2017-11-10 11:18:43,5,-71,31.87862446,34.7463212,44,4.550999641418457,WIFI
00:78:9e:fa:94:9e,BISLI,[WPA-PSK-CCMP+TKIP][WPA2-PSK-CCMP+TKIP][ESS],2017-11-10 11:18:43,9,-69,31.87862446,34.7463212,44,4.550999641418457,WIFI
00:78:9e:fb:24:6a,HOTBOX-431C,[WPA-PSK-CCMP+TKIP][WPA2-PSK-CCMP+TKIP][ESS],2017-11-10 11:18:43,1,-80,31.87862446,34.7463212,44,4.550999641418457,WIFI
14:af:db:a4:19:b2,BezeqFree,[WPA2-PSK-CCMP][ESS],2017-11-10 11:18:43,10,-82,31.87862446,34.7463212,44,4.550999641418457,WIFI
fc:b4:e6:d2:7d:c9,Klemantina,[WPA-PSK-CCMP+TKIP][WPA2-PSK-CCMP+TKIP][ESS],2017-11-10 11:18:43,11,-85,31.87862446,34.7463212,44,4.550999641418457,WIFI
42507_11111_8501763,HOT mobile,UNKNOWN;il,2017-11-10 11:18:43,0,-113,31.87862446,34.7463212,44,4.550999641418457,GSM
00:02:6f:c8:a0:92,,[ESS],2017-11-10 11:18:45,13,-78,31.87882542,34.7464287,43,4.550999641418457,WIFI
d0:0f:6d:81:00:19,Maor_12,[WPA2-PSK-CCMP][ESS],2017-11-10 11:18:47,8,-77,31.87902295,34.74649239,40,4.550999641418457,WIFI
14:ae:db:c5:1d:72,reuvencohen,[WPA2-PSK-CCMP][ESS],2017-11-10 11:18:47,7,-83,31.87902295,34.74649239,40,4.550999641418457,WIFI
e0:46:9a:66:b5:b6,SHLOMI,[WPA2-PSK-CCMP][WPS][ESS],2017-11-10 11:18:47,8,-85,31.87902295,34.74649239,40,4.550999641418457,WIFI
00:02:6f:c8:a0:92,,[ESS],2017-11-10 11:18:47,13,-65,31.87902295,34.74649239,40,4.550999641418457,WIFI
64:66:b3:c4:8d:3a,internet,[WPA2-PSK-CCMP][WPS][ESS],2017-11-10 11:18:47,4,-82,31.87902295,34.74649239,40,4.550999641418457,WIFI
c4:12:f5:84:0f:43,simantov,[WPA2-PSK-CCMP][ESS],2017-11-10 11:18:47,1,-78,31.87902295,34.74649239,40,4.550999641418457,WIFI
00:78:9e:ff:83:67,HOTBOX-B684,[WPA-PSK-CCMP+TKIP][WPA2-PSK-CCMP+TKIP][ESS],2017-11-10 11:18:47,1,-82,31.87902295,34.74649239,40,4.550999641418457,WIFI
14:ae:db:cd:96:6a,Elad_2.4,[WPA2-PSK-CCMP][ESS],2017-11-10 11:18:47,9,-83,31.87902295,34.74649239,40,4.550999641418457,WIFI
1c:5f:2b:9d:16:9f,itzik&sivan,[WPA-PSK-CCMP][WPA2-PSK-CCMP][WPS][ESS],2017-11-10 11:18:47,6,-85,31.87902295,34.74649239,40,4.550999641418457,WIFI
c4:04:15:1c:1b:80,Kiosk,[WPA2-PSK-CCMP][WPS][ESS],2017-11-10 11:18:49,8,-83,31.87915823,34.74649053,39,4.550999641418457,WIFI
00:02:6f:c8:a0:92,,[ESS],2017-11-10 11:18:49,13,-54,31.87915823,34.74649053,39,4.550999641418457,WIFI
00:02:6f:cd:56:d3,,[ESS],2017-11-10 11:18:49,3,-80,31.87915823,34.74649053,39,4.550999641418457,WIFI
00:18:25:03:83:70,TP-LINK802,[ESS],2017-11-10 11:18:51,7,-81,31.87923779,34.74631651,40,4.550999641418457,WIFI
64:70:02:9e:a0:52,Moshel,[WPA2-PSK-CCMP+TKIP][WPS][ESS],2017-11-10 11:18:53,4,-82,31.87928898,34.74607721,41,6.067999839782715,WIFI
50:04:b8:32:2f:1c,Partner.Home-2F1C,[WPA2-PSK-CCMP][ESS],2017-11-10 11:18:53,4,-83,31.87928898,34.74607721,41,6.067999839782715,WIFI
3c:1e:04:08:a8:e5,shoval_2.4,[WPA2-PSK-CCMP][ESS],2017-11-10 11:18:53,1,-82,31.87928898,34.74607721,41,6.067999839782715,WIFI
00:02:6f:cd:56:d3,,[ESS],2017-11-10 11:18:53,3,-75,31.87928898,34.74607721,41,6.067999839782715,WIFI
00:02:6f:c8:a0:92,,[ESS],2017-11-10 11:18:57,13,-74,31.87939642,34.74546617,42,4.550999641418457,WIFI
c4:12:f5:84:0f:43,simantov,[WPA2-PSK-CCMP][ESS],2017-11-10 11:18:57,1,-83,31.87939642,34.74546617,42,4.550999641418457,WIFI
00:78:9e:ff:83:67,HOTBOX-B684,[WPA-PSK-CCMP+TKIP][WPA2-PSK-CCMP+TKIP][ESS],2017-11-10 11:18:57,1,-81,31.87939642,34.74546617,42,4.550999641418457,WIFI
06:ae:db:48:9c:45,BezeqFree,[WPA2-PSK-CCMP][ESS],2017-11-10 11:18:57,11,-84,31.87939642,34.74546617,42,4.550999641418457,WIFI
14:af:db:30:9b:72,BezeqFree,[WPA2-PSK-CCMP][ESS],2017-11-10 11:18:59,5,-79,31.87951176,34.74510516,41,4.550999641418457,WIFI
14:ae:db:30:9b:72,hagbi10,[WPA2-PSK-CCMP][ESS],2017-11-10 11:18:59,5,-81,31.87951176,34.74510516,41,4.550999641418457,WIFI
00:22:b0:e8:db:dd,Y,[WEP][ESS],2017-11-10 11:18:59,6,-86,31.87951176,34.74510516,41,4.550999641418457,WIFI
00:18:25:03:83:70,TP-LINK802,[ESS],2017-11-10 11:18:59,7,-82,31.87951176,34.74510516,41,4.550999641418457,WIFI
06:ae:db:48:9c:45,BezeqFree,[WPA2-PSK-CCMP][ESS],2017-11-10 11:18:59,11,-74,31.87951176,34.74510516,41,4.550999641418457,WIFI
14:ae:db:48:9c:45,GOLBARY,[WPA2-PSK-CCMP][ESS],2017-11-10 11:18:59,11,-75,31.87951176,34.74510516,41,4.550999641418457,WIFI
42507_11111_8501763,HOT mobile,UNKNOWN;il,2017-11-10 11:18:59,0,-113,31.87951176,34.74510516,41,4.550999641418457,GSM
00:02:6f:cd:56:d3,,[ESS],2017-11-10 11:19:01,3,-78,31.87966331,34.74472122,40,4.550999641418457,WIFI
42507_11111_13905922,HOT mobile,UNKNOWN;il,2017-11-10 11:19:01,0,-113,31.87966331,34.74472122,40,4.550999641418457,GSM
14:ae:db:be:c5:62,Amnon-2.4,[WPA2-PSK-CCMP][ESS],2017-11-10 11:19:03,1,-80,31.87986357,34.74433271,40,4.550999641418457,WIFI
14:af:db:be:c5:62,BezeqFree,[WPA2-PSK-CCMP][ESS],2017-11-10 11:19:03,1,-81,31.87986357,34.74433271,40,4.550999641418457,WIFI
00:02:6f:cd:56:1f,,[ESS],2017-11-10 11:19:03,13,-75,31.87986357,34.74433271,40,4.550999641418457,WIFI
06:ae:db:48:9c:45,BezeqFree,[WPA2-PSK-CCMP][ESS],2017-11-10 11:19:05,11,-74,31.88010017,34.74396346,41,4.550999641418457,WIFI
14:ae:db:48:9c:45,GOLBARY,[WPA2-PSK-CCMP][ESS],2017-11-10 11:19:05,11,-75,31.88010017,34.74396346,41,4.550999641418457,WIFI
00:02:6f:cd:56:d3,,[ESS],2017-11-10 11:19:19,3,-78,31.88217478,34.74180392,43,4.550999641418457,WIFI
06:ae:db:48:9c:45,BezeqFree,[WPA2-PSK-CCMP][ESS],2017-11-10 11:19:19,11,-74,31.88217478,34.74180392,43,4.550999641418457,WIFI
14:ae:db:48:9c:45,GOLBARY,[WPA2-PSK-CCMP][ESS],2017-11-10 11:19:19,11,-75,31.88217478,34.74180392,43,4.550999641418457,WIFI
14:ae:db:be:c5:62,Amnon-2.4,[WPA2-PSK-CCMP][ESS],2017-11-10 11:19:19,1,-83,31.88217478,34.74180392,43,4.550999641418457,WIFI
14:af:db:be:c5:62,BezeqFree,[WPA2-PSK-CCMP][ESS],2017-11-10 11:19:19,1,-85,31.88217478,34.74180392,43,4.550999641418457,WIFI
00:02:6f:cd:56:1f,,[ESS],2017-11-10 11:19:19,13,-75,31.88217478,34.74180392,43,4.550999641418457,WIFI
f4:f2:6d:6d:76:08,T128_5eb1d8,[WPA-PSK-CCMP+TKIP][WPS][ESS],2017-11-10 11:19:19,7,-85,31.88217478,34.74180392,43,4.550999641418457,WIFI
42507_11111_8501771,HOT mobile,UNKNOWN;il,2017-11-10 11:19:19,0,-113,31.88217478,34.74180392,43,4.550999641418457,GSM
d4:ca:6d:12:ba:25,moni-sitton.co.il,[ESS],2017-11-10 11:19:30,1,-67,31.88288799,34.74125451,43,6.067999839782715,WIFI
54:64:d9:60:e9:5b,Dahan,[WPA-PSK-CCMP+TKIP][WPA2-PSK-CCMP+TKIP][ESS],2017-11-10 11:19:41,11,-81,31.88288701,34.74124048,43,4.550999641418457,WIFI
14:ae:db:a2:2d:ad,BEZEQINT-2DA9,[WPA-PSK-CCMP+TKIP][WPA2-PSK-CCMP+TKIP][WPS][ESS],2017-11-10 11:19:41,6,-87,31.88288701,34.74124048,43,4.550999641418457,WIFI
00:02:6f:cd:56:61,,[ESS],2017-11-10 11:19:44,13,-69,31.88289082,34.74123959,43,6.067999839782715,WIFI
00:78:9e:fa:12:f7,dudi,[WPA-PSK-CCMP+TKIP][WPA2-PSK-CCMP+TKIP][ESS],2017-11-10 11:19:46,1,-79,31.88289095,34.74123929,43,7.585000038146973,WIFI
14:ae:db:44:5c:d5,Hadad 11,[WPA-PSK-CCMP+TKIP][WPA2-PSK-CCMP+TKIP][WPS][ESS],2017-11-10 11:20:25,6,-85,31.88296188,34.7410909,44,6.067999839782715,WIFI
30:b5:c2:c0:66:07,yasmin,[WPA-PSK-CCMP+TKIP][WPA2-PSK-CCMP+TKIP][WPS][ESS],2017-11-10 11:20:28,1,-87,31.88285848,34.74083012,44,4.550999641418457,WIFI
74:da:3c:81:66:b8,gluska,[WPA2-PSK-CCMP][ESS],2017-11-10 11:20:28,1,-83,31.88285848,34.74083012,44,4.550999641418457,WIFI
e8:de:27:85:1e:d9,TP-LINK_Extender_851ED9,[ESS],2017-11-10 11:20:28,2,-83,31.88285848,34.74083012,44,4.550999641418457,WIFI
00:02:6f:cd:56:61,,[ESS],2017-11-10 11:20:36,13,-82,31.88241525,34.74019861,41,4.550999641418457,WIFI
00:02:6f:cd:56:1f,,[ESS],2017-11-10 11:20:36,13,-86,31.88241525,34.74019861,41,4.550999641418457,WIFI
14:ae:db:44:5c:d5,Hadad 11,[WPA-PSK-CCMP+TKIP][WPA2-PSK-CCMP+TKIP][WPS][ESS],2017-11-10 11:20:36,6,-77,31.88241525,34.74019861,41,4.550999641418457,WIFI
14:9d:09:80:1a:95,HUAWEI-1A95,[WPA2-PSK-CCMP][WPS][ESS],2017-11-10 11:20:36,3,-73,31.88241525,34.74019861,41,4.550999641418457,WIFI
42507_11111_8501771,HOT mobile,UNKNOWN;il,2017-11-10 11:20:36,0,-113,31.88241525,34.74019861,41,4.550999641418457,GSM
30:b5:c2:a8:63:68,ovad,[WPA-PSK-CCMP+TKIP][WPA2-PSK-CCMP+TKIP][WPS][ESS],2017-11-10 11:20:39,1,-83,31.88233739,34.74008643,40,4.550999641418457,WIFI
a0:8e:78:74:e0:12,mali1,[WPA-PSK-CCMP+TKIP][WPA2-PSK-CCMP+TKIP][ESS],2017-11-10 11:20:47,11,-72,31.88177638,34.73965579,39,4.550999641418457,WIFI
14:ae:db:a1:89:d5,DOR2.4,[WPA-PSK-CCMP+TKIP][WPA2-PSK-CCMP+TKIP][WPS][ESS],2017-11-10 11:20:47,1,-84,31.88177638,34.73965579,39,4.550999641418457,WIFI
c4:12:f5:7f:a4:21,ql-53789656_2.4,[WPA2-PSK-CCMP][ESS],2017-11-10 11:20:50,5,-79,31.88143909,34.73941831,41,6.067999839782715,WIFI
00:02:6f:cd:55:e9,,[ESS],2017-11-10 11:20:50,13,-86,31.88143909,34.73941831,41,6.067999839782715,WIFI
a0:8e:78:74:e0:12,mali1,[WPA-PSK-CCMP+TKIP][WPA2-PSK-CCMP+TKIP][ESS],2017-11-10 11:20:58,11,-84,31.88048058,34.73872112,39,6.067999839782715,WIFI
14:ae:db:a1:89:d5,DOR2.4,[WPA-PSK-CCMP+TKIP][WPA2-PSK-CCMP+TKIP][WPS][ESS],2017-11-10 11:20:58,1,-84,31.88048058,34.73872112,39,6.067999839782715,WIFI
00:0e:2e:34:f6:67,Ben,[WEP][ESS],2017-11-10 11:20:58,11,-86,31.88048058,34.73872112,39,6.067999839782715,WIFI
42507_11111_8501771,HOT mobile,UNKNOWN;il,2017-11-10 11:20:58,0,-113,31.88048058,34.73872112,39,6.067999839782715,GSM
00:02:6f:cd:55:e9,,[ESS],2017-11-10 11:21:01,13,-70,31.88014015,34.73846771,39,6.067999839782715,WIFI
00:02:6f:cd:56:d5,,[ESS],2017-11-10 11:21:01,13,-85,31.88014015,34.73846771,39,6.067999839782715,WIFI
10:be:f5:37:5d:f4,eliran,[WPA2-PSK-CCMP][ESS],2017-11-10 11:21:09,9,-87,31.87954962,34.73804044,41,4.550999641418457,WIFI
58:b6:33:32:93:68,SCHOOL,[WPA-PSK-CCMP][WPA2-PSK-CCMP][ESS],2017-11-10 11:21:09,8,-83,31.87954962,34.73804044,41,4.550999641418457,WIFI
42507_11111_13903361,HOT mobile,UNKNOWN;il,2017-11-10 11:21:09,0,-113,31.87954962,34.73804044,41,4.550999641418457,GSM
00:02:6f:cd:55:e9,,[ESS],2017-11-10 11:21:12,13,-64,31.87928435,34.73784673,40,6.067999839782715,WIFI
00:02:6f:cd:56:d5,,[ESS],2017-11-10 11:21:12,13,-78,31.87928435,34.73784673,40,6.067999839782715,WIFI
00:78:9e:fb:6e:ab,HOTBOX-40C2,[WPA-PSK-CCMP+TKIP][WPA2-PSK-CCMP+TKIP][ESS],2017-11-10 11:21:12,6,-84,31.87928435,34.73784673,40,6.067999839782715,WIFI
06:ae:db:58:26:ed,BezeqFree,[WPA2-PSK-CCMP][ESS],2017-11-10 11:21:12,11,-86,31.87928435,34.73784673,40,6.067999839782715,WIFI
e0:ce:c3:ef:ea:44,HOTFiber-9,[WPA-PSK-CCMP+TKIP][WPA2-PSK-CCMP+TKIP][ESS],2017-11-10 11:21:12,1,-87,31.87928435,34.73784673,40,6.067999839782715,WIFI
fc:15:b4:69:41:e6,HP-Print-E6-Deskjet 4640 series,[ESS],2017-11-10 11:21:12,11,-81,31.87928435,34.73784673,40,6.067999839782715,WIFI
10:be:f5:37:5d:f4,eliran,[WPA2-PSK-CCMP][ESS],2017-11-10 11:21:20,9,-87,31.87848489,34.73725923,42,6.067999839782715,WIFI
58:b6:33:32:93:68,SCHOOL,[WPA-PSK-CCMP][WPA2-PSK-CCMP][ESS],2017-11-10 11:21:20,8,-83,31.87848489,34.73725923,42,6.067999839782715,WIFI
10:fe:ed:53:63:5a,TP-LINK_53635A,[WPA2-PSK-CCMP][WPS][ESS],2017-11-10 11:21:20,10,-73,31.87848489,34.73725923,42,6.067999839782715,WIFI
b4:ee:b4:f9:94:97,ilana,[WPA-PSK-CCMP+TKIP][WPA2-PSK-CCMP+TKIP][ESS],2017-11-10 11:21:20,11,-73,31.87848489,34.73725923,42,6.067999839782715,WIFI
c4:3d:c7:5a:94:9c,Bogert365,[WPA2-PSK-CCMP][WPS][ESS],2017-11-10 11:21:20,6,-76,31.87848489,34.73725923,42,6.067999839782715,WIFI
d0:0e:d9:18:61:45,micha uzan_2GExt,[WPA2-PSK-CCMP][WPS][ESS],2017-11-10 11:21:20,11,-78,31.87848489,34.73725923,42,6.067999839782715,WIFI
74:88:8b:fd:b8:58,mv0579st,[WPA2-PSK-CCMP][ESS],2017-11-10 11:21:20,1,-78,31.87848489,34.73725923,42,6.067999839782715,WIFI
84:26:15:ec:49:93,regina,[WPA2-PSK-CCMP][ESS],2017-11-10 11:21:20,1,-80,31.87848489,34.73725923,42,6.067999839782715,WIFI
90:8d:78:55:58:6e,liron,[WPA2-PSK-CCMP][ESS],2017-11-10 11:21:20,1,-80,31.87848489,34.73725923,42,6.067999839782715,WIFI
fc:75:16:bf:17:3a,libel,[WPA2-PSK-CCMP][ESS],2017-11-10 11:21:20,6,-80,31.87848489,34.73725923,42,6.067999839782715,WIFI
7c:b7:33:97:4c:27,shuli,[WPA-PSK-CCMP+TKIP][WPA2-PSK-CCMP+TKIP][ESS],2017-11-10 11:21:20,6,-82,31.87848489,34.73725923,42,6.067999839782715,WIFI
14:ae:db:38:f8:7d,perez,[WPA2-PSK-CCMP][ESS],2017-11-10 11:21:20,1,-84,31.87848489,34.73725923,42,6.067999839782715,WIFI
d8:fe:e3:01:b2:29,ANATOL,[WEP][ESS],2017-11-10 11:21:20,6,-83,31.87848489,34.73725923,42,6.067999839782715,WIFI
72:fe:e3:01:b2:2a,Bezeq Free 01B228,[ESS],2017-11-10 11:21:20,6,-83,31.87848489,34.73725923,42,6.067999839782715,WIFI
42507_11111_13903361,HOT mobile,UNKNOWN;il,2017-11-10 11:21:20,0,-113,31.87848489,34.73725923,42,6.067999839782715,GSM
90:8d:78:55:58:6e,liron,[WPA2-PSK-CCMP][ESS],2017-11-10 11:21:22,1,-70,31.87828608,34.73709838,43,7.585000038146973,WIFI
40:65:a3:25:6f:f2,Anat7,[WPA-PSK-CCMP+TKIP][WPA2-PSK-CCMP+TKIP][ESS],2017-11-10 11:21:22,11,-78,31.87828608,34.73709838,43,7.585000038146973,WIFI
00:0e:f4:de:02:57,Home,[WPA2-PSK-CCMP][ESS],2017-11-10 11:21:22,6,-83,31.87828608,34.73709838,43,7.585000038146973,WIFI
14:ae:db:c8:88:f5,RedHead,[WPA2-PSK-CCMP][ESS],2017-11-10 11:21:22,1,-81,31.87828608,34.73709838,43,7.585000038146973,WIFI
06:ae:db:37:e8:f5,BezeqFree,[WPA2-PSK-CCMP][ESS],2017-11-10 11:21:22,11,-84,31.87828608,34.73709838,43,7.585000038146973,WIFI
62:45:b6:0b:87:87,,[WEP][ESS],2017-11-10 11:21:22,6,-79,31.87828608,34.73709838,43,7.585000038146973,WIFI
00:02:6f:cd:55:e9,,[ESS],2017-11-10 11:21:31,13,-64,31.87751611,34.73654239,41,7.585000038146973,WIFI
00:02:6f:cd:56:d5,,[ESS],2017-11-10 11:21:31,13,-78,31.87751611,34.73654239,41,7.585000038146973,WIFI
58:70:c6:02:4e:d8,CC32,[WPA2-PSK-CCMP][WPS][ESS],2017-11-10 11:21:31,7,-66,31.87751611,34.73654239,41,7.585000038146973,WIFI
c4:12:f5:fa:90:9c,Shlomi,[WPA2-PSK-CCMP][ESS],2017-11-10 11:21:31,6,-79,31.87751611,34.73654239,41,7.585000038146973,WIFI
14:ae:db:3f:62:0a,Gabi14,[WPA2-PSK-CCMP][ESS],2017-11-10 11:21:31,5,-81,31.87751611,34.73654239,41,7.585000038146973,WIFI
04:a1:51:c9:79:81,BezeqNGN_00377E_2.4GHz_1,[WPS][ESS],2017-11-10 11:21:31,1,-81,31.87751611,34.73654239,41,7.585000038146973,WIFI
42507_11111_13903369,HOT mobile,UNKNOWN;il,2017-11-10 11:21:31,0,-113,31.87751611,34.73654239,41,7.585000038146973,GSM
d0:84:b0:93:38:bd,DASHIMON,[WPA-PSK-CCMP+TKIP][WPA2-PSK-CCMP+TKIP][ESS],2017-11-10 11:21:33,11,-78,31.87742747,34.7364496,42,7.585000038146973,WIFI
74:da:38:a7:7d:b4,EdimaxAPb4,[WPA2-PSK-CCMP][WPS][ESS],2017-11-10 11:21:33,2,-85,31.87742747,34.7364496,42,7.585000038146973,WIFI
00:1b:9e:7a:4f:77,uri8,[WEP][ESS],2017-11-10 11:21:33,6,-84,31.87742747,34.7364496,42,7.585000038146973,WIFI
ac:f1:df:9d:c5:e9,eluz,[WPA2-PSK-CCMP][ESS],2017-11-10 11:21:42,1,-82,31.87662857,34.73588059,43,4.550999641418457,WIFI
ac:f1:df:9d:c5:e9,eluz,[WPA2-PSK-CCMP][ESS],2017-11-10 11:21:44,1,-75,31.87641722,34.73572399,44,4.550999641418457,WIFI
00:18:25:16:d1:b0,Yavne@Cheburashka@Water,[WPA2-PSK-CCMP][ESS],2017-11-10 11:21:44,1,-79,31.87641722,34.73572399,44,4.550999641418457,WIFI
00:1a:dd:e2:00:64,Wirless-Afikim,[ESS],2017-11-10 11:21:44,11,-85,31.87641722,34.73572399,44,4.550999641418457,WIFI
42507_11111_13903369,HOT mobile,UNKNOWN;il,2017-11-10 11:21:44,0,-113,31.87641722,34.73572399,44,4.550999641418457,GSM
a4:2b:b0:b0:6b:e8,A,[WPA-PSK-CCMP+TKIP][WPA2-PSK-CCMP+TKIP][ESS],2017-11-10 11:21:48,1,-81,31.87603534,34.73544287,46,4.550999641418457,WIFI
00:e0:20:4d:91:2f,WiFi-Repeater,[WPA2-PSK-CCMP][WPS][ESS],2017-11-10 11:21:48,13,-84,31.87603534,34.73544287,46,4.550999641418457,WIFI
00:23:cd:16:74:da,Rehani_2,[WPA-PSK-CCMP][WPA2-PSK-CCMP][WPS][ESS],2017-11-10 11:21:50,10,-76,31.87588492,34.73533107,43,4.550999641418457,WIFI
ac:f1:df:9d:c5:e9,eluz,[WPA2-PSK-CCMP][ESS],2017-11-10 11:22:04,1,-80,31.87566355,34.73408888,48,4.550999641418457,WIFI
00:18:25:16:d1:b0,Yavne@Cheburashka@Water,[WPA2-PSK-CCMP][ESS],2017-11-10 11:22:04,1,-69,31.87566355,34.73408888,48,4.550999641418457,WIFI
00:1a:dd:e2:00:64,Wirless-Afikim,[ESS],2017-11-10 11:22:04,11,-85,31.87566355,34.73408888,48,4.550999641418457,WIFI
a4:2b:b0:b0:6b:e8,A,[WPA-PSK-CCMP+TKIP][WPA2-PSK-CCMP+TKIP][ESS],2017-11-10 11:22:04,1,-83,31.87566355,34.73408888,48,4.550999641418457,WIFI
00:e0:20:4d:91:2f,WiFi-Repeater,[WPA2-PSK-CCMP][WPS][ESS],2017-11-10 11:22:04,13,-84,31.87566355,34.73408888,48,4.550999641418457,WIFI
00:23:cd:16:74:da,Rehani_2,[WPA-PSK-CCMP][WPA2-PSK-CCMP][WPS][ESS],2017-11-10 11:22:04,10,-76,31.87566355,34.73408888,48,4.550999641418457,WIFI
14:ae:db:4d:28:dd,bar.ami,[WPA2-PSK-CCMP][ESS],2017-11-10 11:22:04,11,-82,31.87566355,34.73408888,48,4.550999641418457,WIFI
00:18:25:02:73:00,TP-LINK13,[ESS],2017-11-10 11:22:04,9,-75,31.87566355,34.73408888,48,4.550999641418457,WIFI
42507_11111_13903369,HOT mobile,UNKNOWN;il,2017-11-10 11:22:04,0,-113,31.87566355,34.73408888,48,4.550999641418457,GSM
00:18:25:03:68:40,TP-LINK14,[ESS],2017-11-10 11:22:06,6,-77,31.87574757,34.73382596,49,4.550999641418457,WIFI
00:02:6f:cd:56:cf,,[ESS],2017-11-10 11:22:06,13,-78,31.87574757,34.73382596,49,4.550999641418457,WIFI
00:18:25:16:d1:b0,Yavne@Cheburashka@Water,[WPA2-PSK-CCMP][ESS],2017-11-10 11:22:15,1,-69,31.87614057,34.73250845,50,4.550999641418457,WIFI
00:e0:20:4d:91:2f,WiFi-Repeater,[WPA2-PSK-CCMP][WPS][ESS],2017-11-10 11:22:15,13,-84,31.87614057,34.73250845,50,4.550999641418457,WIFI
14:ae:db:4d:28:dd,bar.ami,[WPA2-PSK-CCMP][ESS],2017-11-10 11:22:15,11,-82,31.87614057,34.73250845,50,4.550999641418457,WIFI
00:18:25:02:73:00,TP-LINK13,[ESS],2017-11-10 11:22:15,9,-75,31.87614057,34.73250845,50,4.550999641418457,WIFI
00:18:25:03:68:40,TP-LINK14,[ESS],2017-11-10 11:22:15,6,-77,31.87614057,34.73250845,50,4.550999641418457,WIFI
00:02:6f:cd:56:cf,,[ESS],2017-11-10 11:22:15,13,-78,31.87614057,34.73250845,50,4.550999641418457,WIFI
00:78:9e:fa:e3:8e,ronen,[WPA-PSK-CCMP+TKIP][WPA2-PSK-CCMP+TKIP][ESS],2017-11-10 11:22:15,6,-64,31.87614057,34.73250845,50,4.550999641418457,WIFI
42507_11111_13903369,HOT mobile,UNKNOWN;il,2017-11-10 11:22:15,0,-113,31.87614057,34.73250845,50,4.550999641418457,GSM
00:18:25:16:d1:b0,Yavne@Cheburashka@Water,[WPA2-PSK-CCMP][ESS],2017-11-10 11:22:17,1,-56,31.87620758,34.73228925,52,4.550999641418457,WIFI
40:65:a3:23:92:0e,HOTFiber-D85C,[WPA-PSK-CCMP+TKIP][WPA2-PSK-CCMP+TKIP][ESS],2017-11-10 11:22:26,6,-84,31.87640406,34.7317123,54,4.550999641418457,WIFI
00:18:25:02:c7:b0,TP-LINK12,[ESS],2017-11-10 11:22:26,6,-78,31.87640406,34.7317123,54,4.550999641418457,WIFI
00:02:6f:cd:56:cf,,[ESS],2017-11-10 11:22:28,13,-68,31.87628996,34.73165614,54,4.550999641418457,WIFI
00:18:25:02:73:00,TP-LINK13,[ESS],2017-11-10 11:22:37,9,-71,31.87575688,34.73095611,53,4.550999641418457,WIFI
00:18:25:02:c7:b0,TP-LINK12,[ESS],2017-11-10 11:22:37,6,-64,31.87575688,34.73095611,53,4.550999641418457,WIFI
00:18:25:03:68:40,TP-LINK14,[ESS],2017-11-10 11:22:37,6,-75,31.87575688,34.73095611,53,4.550999641418457,WIFI
00:18:25:16:d1:b0,Yavne@Cheburashka@Water,[WPA2-PSK-CCMP][ESS],2017-11-10 11:22:37,1,-65,31.87575688,34.73095611,53,4.550999641418457,WIFI
a4:2b:b0:a9:98:8e,HomeNet - extend,[WPA2-PSK-CCMP+TKIP][WPS][ESS],2017-11-10 11:22:37,3,-81,31.87575688,34.73095611,53,4.550999641418457,WIFI
60:e3:27:f0:0b:4a,HOTBOX-F69F,[WPA-PSK-CCMP+TKIP][WPA2-PSK-CCMP+TKIP][WPS][ESS],2017-11-10 11:22:37,10,-86,31.87575688,34.73095611,53,4.550999641418457,WIFI
42507_11111_13903369,HOT mobile,UNKNOWN;il,2017-11-10 11:22:37,0,-113,31.87575688,34.73095611,53,4.550999641418457,GSM
00:18:25:02:73:00,TP-LINK13,[ESS],2017-11-10 11:22:39,9,-60,31.87567586,34.73080525,53,4.550999641418457,WIFI
74:da:38:b9:35:77,edimaxEXT.setup 77,[WPS][ESS],2017-11-10 11:22:39,2,-85,31.87567586,34.73080525,53,4.550999641418457,WIFI
00:02:6f:cd:56:cf,,[ESS],2017-11-10 11:22:48,13,-67,31.87519978,34.73001934,51,4.550999641418457,WIFI
64:a5:c3:6d:ad:c4,?-??? Wi-Fi ?? Oran,[WPA2-PSK-CCMP][ESS],2017-11-10 11:22:48,6,-73,31.87519978,34.73001934,51,4.550999641418457,WIFI
ac:83:f3:b0:4f:3f,midr-cardvr-v1_midev4f3f,[WPA2-PSK-CCMP][ESS],2017-11-10 11:22:48,1,-79,31.87519978,34.73001934,51,4.550999641418457,WIFI
a0:ab:1b:57:43:c2,zvikaeadan,[WPA2-PSK-CCMP][ESS],2017-11-10 11:22:48,1,-82,31.87519978,34.73001934,51,4.550999641418457,WIFI
d4:6e:0e:e5:89:9e,Yanki1,[WPA2-PSK-CCMP][ESS],2017-11-10 11:22:50,8,-83,31.87509398,34.72984017,52,4.550999641418457,WIFI
a0:ab:1b:63:aa:40,david-PARTNER,[WPA2-PSK-CCMP][ESS],2017-11-10 11:22:50,10,-83,31.87509398,34.72984017,52,4.550999641418457,WIFI
42507_11111_13903369,HOT mobile,UNKNOWN;il,2017-11-10 11:22:50,0,-113,31.87509398,34.72984017,52,4.550999641418457,GSM
ac:83:f3:b0:4f:3f,midr-cardvr-v1_midev4f3f,[WPA2-PSK-CCMP][ESS],2017-11-10 11:22:59,1,-74,31.87473251,34.72921016,53,4.550999641418457,WIFI
14:ae:db:44:25:fd,sima,[WPA-PSK-CCMP+TKIP][WPA2-PSK-CCMP+TKIP][WPS][ESS],2017-11-10 11:22:59,11,-82,31.87473251,34.72921016,53,4.550999641418457,WIFI
e8:fc:af:97:6e:e7,Eliassi_2.4,[WPA2-PSK-CCMP][WPS][ESS],2017-11-10 11:22:59,11,-78,31.87473251,34.72921016,53,4.550999641418457,WIFI
58:6d:8f:c5:20:cd,LidaiRouter,[WPA-PSK-CCMP+TKIP][WPA2-PSK-CCMP+TKIP][WPS][ESS],2017-11-10 11:22:59,1,-81,31.87473251,34.72921016,53,4.550999641418457,WIFI
74:da:38:98:2a:06,Geva_AP,[WPA2-PSK-CCMP][ESS],2017-11-10 11:22:59,1,-84,31.87473251,34.72921016,53,4.550999641418457,WIFI
74:da:3b:98:2a:07,g_and_m,[WPA2-PSK-CCMP][ESS],2017-11-10 11:22:59,1,-86,31.87473251,34.72921016,53,4.550999641418457,WIFI
c4:12:f5:82:86:ba,Bezeq-VDSLAC_2.4,[WPA2-PSK-CCMP][ESS],2017-11-10 11:22:59,10,-87,31.87473251,34.72921016,53,4.550999641418457,WIFI
00:18:25:02:c7:b0,TP-LINK12,[ESS],2017-11-10 11:22:59,6,-60,31.87473251,34.72921016,53,4.550999641418457,WIFI
6c:19:8f:48:0f:f4,Bezeq-N_480ff3,[ESS],2017-11-10 11:22:59,6,-78,31.87473251,34.72921016,53,4.550999641418457,WIFI
fc:15:b4:6a:6d:0b,HP-Print-0B-Deskjet 4640 series,[ESS],2017-11-10 11:22:59,6,-82,31.87473251,34.72921016,53,4.550999641418457,WIFI
00:11:6b:2c:5a:86,default,[ESS],2017-11-10 11:22:59,11,-82,31.87473251,34.72921016,53,4.550999641418457,WIFI
58:6d:8f:c5:20:cf,LidaiRouter-guest,[ESS],2017-11-10 11:22:59,1,-83,31.87473251,34.72921016,53,4.550999641418457,WIFI
e8:fc:af:97:6e:e7,Eliassi_2.4,[WPA2-PSK-CCMP][WPS][ESS],2017-11-10 11:23:01,11,-69,31.87466781,34.72910763,53,4.550999641418457,WIFI
e8:fc:af:97:6e:e8,Eliassi_5,[WPA2-PSK-CCMP][WPS][ESS],2017-11-10 11:23:01,60,-86,31.87466781,34.72910763,53,4.550999641418457,WIFI
c0:a0:bb:8f:27:1f,HOTBOX1234_EXT,[WPA-PSK-CCMP+TKIP][WPA2-PSK-CCMP+TKIP][ESS],2017-11-10 11:23:01,1,-82,31.87466781,34.72910763,53,4.550999641418457,WIFI
c0:a0:bb:8f:27:1f,HOTBOX1234_EXT,[WPA-PSK-CCMP+TKIP][WPA2-PSK-CCMP+TKIP][ESS],2017-11-10 11:23:10,1,-76,31.87443316,34.72876969,53,4.550999641418457,WIFI
f8:ab:05:da:49:d4,HOTBOX1234,[WPA-PSK-CCMP+TKIP][WPA2-PSK-CCMP+TKIP][ESS],2017-11-10 11:23:10,1,-84,31.87443316,34.72876969,53,4.550999641418457,WIFI
42507_11111_13903369,HOT mobile,UNKNOWN;il,2017-11-10 11:23:10,0,-113,31.87443316,34.72876969,53,4.550999641418457,GSM
c4:a8:1d:4d:ea:94,home_2.4_EXT,[WPA2-PSK-CCMP][ESS],2017-11-10 11:23:13,13,-84,31.87430156,34.72854797,54,4.550999641418457,WIFI
48:0f:cf:22:a8:d2,HP-Print-D2-Officejet Pro 6830,[WPA2-PSK-CCMP][ESS],2017-11-10 11:23:13,11,-84,31.87430156,34.72854797,54,4.550999641418457,WIFI
00:18:25:16:d1:b0,Yavne@Cheburashka@Water,[WPA2-PSK-CCMP][ESS],2017-11-10 11:23:13,1,-85,31.87430156,34.72854797,54,4.550999641418457,WIFI
00:18:25:02:c7:b0,TP-LINK12,[ESS],2017-11-10 11:23:21,6,-64,31.87387728,34.72779542,57,4.550999641418457,WIFI
e8:fc:af:97:6e:e8,Eliassi_5,[WPA2-PSK-CCMP][WPS][ESS],2017-11-10 11:23:21,60,-86,31.87387728,34.72779542,57,4.550999641418457,WIFI
a0:ab:1b:58:65:d6,Home,[WPA2-PSK-CCMP][ESS],2017-11-10 11:23:21,9,-81,31.87387728,34.72779542,57,4.550999641418457,WIFI
c4:12:f5:1a:0b:c1,BEZEQINT-83D9-EXT,[WPA-PSK-CCMP+TKIP][WPA2-PSK-CCMP+TKIP][WPS][ESS],2017-11-10 11:23:21,6,-82,31.87387728,34.72779542,57,4.550999641418457,WIFI
4c:60:de:41:72:fe,shnaide1,[WPA2-PSK-CCMP][WPS][ESS],2017-11-10 11:23:21,11,-84,31.87387728,34.72779542,57,4.550999641418457,WIFI
fc:15:b4:69:25:1b,HP-Print-1B-Deskjet 4640 series,[ESS],2017-11-10 11:23:21,9,-83,31.87387728,34.72779542,57,4.550999641418457,WIFI
b8:a3:86:4f:41:57,D-Link,[ESS],2017-11-10 11:23:21,3,-85,31.87387728,34.72779542,57,4.550999641418457,WIFI
c4:a8:1d:4d:ea:94,home_2.4_EXT,[WPA2-PSK-CCMP][ESS],2017-11-10 11:23:24,13,-84,31.87367942,34.72746547,57,4.550999641418457,WIFI
00:18:25:16:d1:b0,Yavne@Cheburashka@Water,[WPA2-PSK-CCMP][ESS],2017-11-10 11:23:24,1,-83,31.87367942,34.72746547,57,4.550999641418457,WIFI
c4:12:f5:1a:0b:c1,BEZEQINT-83D9-EXT,[WPA-PSK-CCMP+TKIP][WPA2-PSK-CCMP+TKIP][WPS][ESS],2017-11-10 11:23:24,6,-58,31.87367942,34.72746547,57,4.550999641418457,WIFI
fa:8f:ca:8a:bb:14,,[ESS],2017-11-10 11:23:24,6,-83,31.87367942,34.72746547,57,4.550999641418457,WIFI
42507_11111_13903369,HOT mobile,UNKNOWN;il,2017-11-10 11:23:24,0,-113,31.87367942,34.72746547,57,4.550999641418457,GSM
00:18:25:02:c7:b0,TP-LINK12,[ESS],2017-11-10 11:23:32,6,-64,31.87319345,34.72667329,57,4.550999641418457,WIFI
a0:ab:1b:58:65:d6,Home,[WPA2-PSK-CCMP][ESS],2017-11-10 11:23:32,9,-81,31.87319345,34.72667329,57,4.550999641418457,WIFI
4c:60:de:41:72:fe,shnaide1,[WPA2-PSK-CCMP][WPS][ESS],2017-11-10 11:23:32,11,-84,31.87319345,34.72667329,57,4.550999641418457,WIFI
fc:15:b4:69:25:1b,HP-Print-1B-Deskjet 4640 series,[ESS],2017-11-10 11:23:32,9,-83,31.87319345,34.72667329,57,4.550999641418457,WIFI
b8:a3:86:4f:41:57,D-Link,[ESS],2017-11-10 11:23:32,3,-84,31.87319345,34.72667329,57,4.550999641418457,WIFI
00:78:9e:fa:1d:4b,mines,[WPA-PSK-CCMP+TKIP][WPA2-PSK-CCMP+TKIP][ESS],2017-11-10 11:23:32,11,-71,31.87319345,34.72667329,57,4.550999641418457,WIFI
14:ae:db:b5:17:bd,KALROM,[WPA2-PSK-CCMP][ESS],2017-11-10 11:23:32,11,-77,31.87319345,34.72667329,57,4.550999641418457,WIFI
f4:f2:6d:6d:99:59,BR,[WPA-PSK-CCMP+TKIP][WPA2-PSK-CCMP+TKIP][WPS][ESS],2017-11-10 11:23:32,4,-83,31.87319345,34.72667329,57,4.550999641418457,WIFI
30:b5:c2:f4:06:68,roni__2010,[WPA-PSK-CCMP+TKIP][WPA2-PSK-CCMP+TKIP][WPS][ESS],2017-11-10 11:23:32,4,-83,31.87319345,34.72667329,57,4.550999641418457,WIFI
00:78:9e:fa:5f:65,HOTBOX-521E,[WPA-PSK-CCMP+TKIP][WPA2-PSK-CCMP+TKIP][ESS],2017-11-10 11:23:32,5,-83,31.87319345,34.72667329,57,4.550999641418457,WIFI
f8:d1:11:2d:90:f2,mines,[WPA-PSK-CCMP+TKIP][WPA2-PSK-CCMP+TKIP][ESS],2017-11-10 11:23:32,11,-83,31.87319345,34.72667329,57,4.550999641418457,WIFI
dc:ef:09:e6:5d:e1,NETGEAR75,[WPA2-PSK-CCMP][WPS][ESS],2017-11-10 11:23:32,6,-84,31.87319345,34.72667329,57,4.550999641418457,WIFI
00:78:9e:fa:1d:4b,mines,[WPA-PSK-CCMP+TKIP][WPA2-PSK-CCMP+TKIP][ESS],2017-11-10 11:23:35,11,-65,31.87303903,34.72641737,57,4.550999641418457,WIFI
14:ae:db:b5:17:bd,KALROM,[WPA2-PSK-CCMP][ESS],2017-11-10 11:23:35,11,-69,31.87303903,34.72641737,57,4.550999641418457,WIFI
64:70:02:b7:b3:ac,BR,[WPA-PSK-CCMP][WPA2-PSK-CCMP][WPS][ESS],2017-11-10 11:23:35,4,-77,31.87303903,34.72641737,57,4.550999641418457,WIFI
f8:e9:03:14:22:0a,doronker1_2.4,[WPA2-PSK-CCMP][ESS],2017-11-10 11:23:35,1,-83,31.87303903,34.72641737,57,4.550999641418457,WIFI
34:08:04:03:42:8f,Home,[WPA-PSK-CCMP+TKIP][ESS],2017-11-10 11:23:35,6,-84,31.87303903,34.72641737,57,4.550999641418457,WIFI
42507_11111_13903369,HOT mobile,UNKNOWN;il,2017-11-10 11:23:35,0,-113,31.87303903,34.72641737,57,4.550999641418457,GSM
42507_11111_13862402,HOT mobile,UNKNOWN;il,2017-11-10 11:23:43,0,-113,31.87313255,34.72603571,57,4.550999641418457,GSM
00:12:2a:f1:ae:68,Eran,[WPA2-PSK-CCMP][WPS][ESS],2017-11-10 11:23:54,11,-80,31.87341824,34.72582204,58,4.550999641418457,WIFI
6c:2e:85:fe:c4:a2,david,[WPA-PSK-CCMP+TKIP][WPA2-PSK-CCMP+TKIP][ESS],2017-11-10 11:23:57,6,-83,31.87342297,34.72582691,56,4.550999641418457,WIFI
b4:ee:b4:86:ca:a8,galit-111,[WPA-PSK-CCMP+TKIP][WPA2-PSK-CCMP+TKIP][ESS],2017-11-10 11:23:59,1,-81,31.87342082,34.72582818,55,4.550999641418457,WIFI
7c:26:64:ec:77:51,galit-111,[WPA2-PSK-CCMP][ESS],2017-11-10 11:24:14,6,-88,31.8734241,34.72582673,57,4.550999641418457,WIFI
74:ea:3a:e5:53:4e,Eran,[WPA2-PSK-CCMP][WPS][ESS],2017-11-10 11:24:44,1,-84,31.87342421,34.72582643,57,4.550999641418457,WIFI
7c:26:64:ec:77:51,galit-111,[WPA2-PSK-CCMP][ESS],2017-11-10 11:25:08,6,-83,31.87343015,34.72582363,61,4.550999641418457,WIFI
b4:ee:b4:86:ca:a8,galit-111,[WPA-PSK-CCMP+TKIP][WPA2-PSK-CCMP+TKIP][ESS],2017-11-10 11:25:29,1,-76,31.87343047,34.72582387,61,4.550999641418457,WIFI
c4:e9:84:62:d9:4e,DS6500,[WPA-PSK-CCMP+TKIP][WPA2-PSK-CCMP+TKIP][WPS][ESS],2017-11-10 11:26:12,6,-80,31.87287802,34.72609493,62,4.550999641418457,WIFI
00:78:9e:fa:5f:65,HOTBOX-521E,[WPA-PSK-CCMP+TKIP][WPA2-PSK-CCMP+TKIP][ESS],2017-11-10 11:26:18,5,-77,31.87299711,34.72644518,60,4.550999641418457,WIFI
14:ae:db:43:aa:c5,BEZEQINT-AAC1,[WPA-PSK-CCMP+TKIP][WPA2-PSK-CCMP+TKIP][WPS][ESS],2017-11-10 11:26:20,1,-84,31.87312153,34.72663702,61,4.550999641418457,WIFI
dc:ef:09:e6:5d:e1,NETGEAR75,[WPA2-PSK-CCMP][WPS][ESS],2017-11-10 11:26:22,6,-72,31.87323265,34.7268412,62,4.550999641418457,WIFI
c4:12:f5:f8:3b:da,safran1,[WPA2-PSK-CCMP][ESS],2017-11-10 11:26:22,9,-81,31.87323265,34.7268412,62,4.550999641418457,WIFI
c4:a8:1d:16:46:61,roni__2010,[WPA2-PSK-CCMP][ESS],2017-11-10 11:26:22,4,-82,31.87323265,34.7268412,62,4.550999641418457,WIFI
52:12:f5:f8:3b:db,BezeqFree,[WPA2-PSK-CCMP][ESS],2017-11-10 11:26:22,9,-83,31.87323265,34.7268412,62,4.550999641418457,WIFI
f0:7d:68:17:db:6f,stef,[WEP][ESS],2017-11-10 11:26:22,6,-80,31.87323265,34.7268412,62,4.550999641418457,WIFI
dc:ef:09:e6:5d:e1,NETGEAR75,[WPA2-PSK-CCMP][WPS][ESS],2017-11-10 11:26:24,6,-64,31.8733397,34.72701792,61,4.550999641418457,WIFI
30:b5:c2:f4:06:68,roni__2010,[WPA-PSK-CCMP+TKIP][WPA2-PSK-CCMP+TKIP][WPS][ESS],2017-11-10 11:26:24,4,-72,31.8733397,34.72701792,61,4.550999641418457,WIFI
00:18:25:03:68:40,TP-LINK14,[ESS],2017-11-10 11:26:24,6,-81,31.8733397,34.72701792,61,4.550999641418457,WIFI
42507_11111_13903620,HOT mobile,UNKNOWN;il,2017-11-10 11:26:24,0,-113,31.8733397,34.72701792,61,4.550999641418457,GSM
30:b5:c2:f4:06:68,roni__2010,[WPA-PSK-CCMP+TKIP][WPA2-PSK-CCMP+TKIP][WPS][ESS],2017-11-10 11:26:26,4,-67,31.87345225,34.7272028,60,4.550999641418457,WIFI
54:b8:0a:aa:86:a0,mikoraz1,[WPA-PSK-CCMP+TKIP][WPA2-PSK-CCMP+TKIP][WPS][ESS],2017-11-10 11:26:26,6,-77,31.87345225,34.7272028,60,4.550999641418457,WIFI
10:5a:f7:0b:d6:72,Yonatan_2.4,[WPA2-PSK-CCMP][ESS],2017-11-10 11:26:26,1,-86,31.87345225,34.7272028,60,4.550999641418457,WIFI
64:70:02:b7:b3:ac,BR,[WPA-PSK-CCMP][WPA2-PSK-CCMP][WPS][ESS],2017-11-10 11:26:28,4,-73,31.87359184,34.72742505,59,4.550999641418457,WIFI
14:ae:db:b5:17:bd,KALROM,[WPA2-PSK-CCMP][ESS],2017-11-10 11:26:28,11,-84,31.87359184,34.72742505,59,4.550999641418457,WIFI
00:78:9e:fa:1d:4b,mines,[WPA-PSK-CCMP+TKIP][WPA2-PSK-CCMP+TKIP][ESS],2017-11-10 11:26:28,11,-83,31.87359184,34.72742505,59,4.550999641418457,WIFI
f8:e9:03:14:22:0a,doronker1_2.4,[WPA2-PSK-CCMP][ESS],2017-11-10 11:26:28,1,-79,31.87359184,34.72742505,59,4.550999641418457,WIFI
d0:d4:12:67:74:8a,Omer,[WPA2-PSK-CCMP][ESS],2017-11-10 11:26:28,1,-82,31.87359184,34.72742505,59,4.550999641418457,WIFI
00:18:25:02:c7:b0,TP-LINK12,[ESS],2017-11-10 11:26:32,6,-63,31.87389112,34.72789027,57,6.067999839782715,WIFI
c4:12:f5:f8:3b:da,safran1,[WPA2-PSK-CCMP][ESS],2017-11-10 11:26:32,9,-84,31.87389112,34.72789027,57,6.067999839782715,WIFI
c4:a8:1d:16:46:61,roni__2010,[WPA2-PSK-CCMP][ESS],2017-11-10 11:26:32,4,-81,31.87389112,34.72789027,57,6.067999839782715,WIFI
52:12:f5:f8:3b:db,BezeqFree,[WPA2-PSK-CCMP][ESS],2017-11-10 11:26:32,9,-82,31.87389112,34.72789027,57,6.067999839782715,WIFI
f0:7d:68:17:db:6f,stef,[WEP][ESS],2017-11-10 11:26:32,6,-80,31.87389112,34.72789027,57,6.067999839782715,WIFI
b8:a3:86:4f:41:57,D-Link,[ESS],2017-11-10 11:26:32,3,-79,31.87389112,34.72789027,57,6.067999839782715,WIFI
a0:ab:1b:58:65:d6,Home,[WPA2-PSK-CCMP][ESS],2017-11-10 11:26:32,9,-82,31.87389112,34.72789027,57,6.067999839782715,WIFI
fc:15:b4:69:25:1b,HP-Print-1B-Deskjet 4640 series,[ESS],2017-11-10 11:26:32,9,-79,31.87389112,34.72789027,57,6.067999839782715,WIFI
dc:ef:09:e6:5d:e1,NETGEAR75,[WPA2-PSK-CCMP][WPS][ESS],2017-11-10 11:26:34,6,-75,31.87403527,34.72812388,57,6.067999839782715,WIFI
00:18:25:03:68:40,TP-LINK14,[ESS],2017-11-10 11:26:34,6,-82,31.87403527,34.72812388,57,6.067999839782715,WIFI
7c:b7:33:35:75:40,Kobi,[WPA-PSK-CCMP+TKIP][WPA2-PSK-CCMP+TKIP][WPS][ESS],2017-11-10 11:26:34,6,-80,31.87403527,34.72812388,57,6.067999839782715,WIFI
14:ae:db:52:93:fd,yakov,[WPA2-PSK-CCMP][ESS],2017-11-10 11:26:34,1,-83,31.87403527,34.72812388,57,6.067999839782715,WIFI
42507_11111_13903620,HOT mobile,UNKNOWN;il,2017-11-10 11:26:34,0,-113,31.87403527,34.72812388,57,6.067999839782715,GSM
14:ae:db:52:93:fd,yakov,[WPA2-PSK-CCMP][ESS],2017-11-10 11:26:36,1,-74,31.8741503,34.7283298,57,6.067999839782715,WIFI
7c:b7:33:35:75:40,Kobi,[WPA-PSK-CCMP+TKIP][WPA2-PSK-CCMP+TKIP][WPS][ESS],2017-11-10 11:26:38,6,-75,31.87426233,34.72850802,57,6.067999839782715,WIFI
c4:12:f5:1a:0b:c1,BEZEQINT-83D9-EXT,[WPA-PSK-CCMP+TKIP][WPA2-PSK-CCMP+TKIP][WPS][ESS],2017-11-10 11:26:38,6,-83,31.87426233,34.72850802,57,6.067999839782715,WIFI
18:a6:f7:7d:e6:bc,maoz6,[WPA-PSK-CCMP+TKIP][WPA2-PSK-CCMP+TKIP][WPS][ESS],2017-11-10 11:26:38,1,-82,31.87426233,34.72850802,57,6.067999839782715,WIFI
b0:48:7a:e0:a3:8c,Anton_EXT,[WPA-PSK-CCMP][WPA2-PSK-CCMP][WPS][ESS],2017-11-10 11:26:40,4,-81,31.87438092,34.72871116,57,4.550999641418457,WIFI
10:5a:f7:0d:15:d2,Anton_2.4,[WPA2-PSK-CCMP][ESS],2017-11-10 11:26:40,11,-80,31.87438092,34.72871116,57,4.550999641418457,WIFI
c4:a8:1d:13:1a:b1,Rimoch,[WPA2-PSK-CCMP][ESS],2017-11-10 11:26:40,1,-81,31.87438092,34.72871116,57,4.550999641418457,WIFI
00:18:25:16:d1:b0,Yavne@Cheburashka@Water,[WPA2-PSK-CCMP][ESS],2017-11-10 11:26:40,1,-85,31.87438092,34.72871116,57,4.550999641418457,WIFI
00:18:25:02:c7:b0,TP-LINK12,[ESS],2017-11-10 11:26:42,6,-63,31.87451318,34.72893869,57,4.550999641418457,WIFI
a0:ab:1b:58:65:d6,Home,[WPA2-PSK-CCMP][ESS],2017-11-10 11:26:42,9,-85,31.87451318,34.72893869,57,4.550999641418457,WIFI
fc:15:b4:69:25:1b,HP-Print-1B-Deskjet 4640 series,[ESS],2017-11-10 11:26:42,9,-82,31.87451318,34.72893869,57,4.550999641418457,WIFI
bc:f6:85:0c:cc:39,pinsker,[WPA2-PSK-CCMP][ESS],2017-11-10 11:26:42,6,-84,31.87451318,34.72893869,57,4.550999641418457,WIFI
00:18:25:03:68:40,TP-LINK14,[ESS],2017-11-10 11:26:44,6,-82,31.87465676,34.72917814,57,4.550999641418457,WIFI
f8:ab:05:da:49:d4,HOTBOX1234,[WPA-PSK-CCMP+TKIP][WPA2-PSK-CCMP+TKIP][ESS],2017-11-10 11:26:44,1,-74,31.87465676,34.72917814,57,4.550999641418457,WIFI
f8:ab:05:40:b9:16,HOTBOX1234,[WPA-PSK-CCMP+TKIP][WPA2-PSK-CCMP+TKIP][ESS],2017-11-10 11:26:44,13,-77,31.87465676,34.72917814,57,4.550999641418457,WIFI
70:62:b8:32:5f:6d,nes_il,[WPA2-PSK-CCMP][ESS],2017-11-10 11:26:44,11,-83,31.87465676,34.72917814,57,4.550999641418457,WIFI
32:cd:a7:a7:6e:55,DIRECT-LEM2070 Series,[WPA2-PSK-CCMP][WPS-AUTH][ESS][P2P],2017-11-10 11:26:44,11,-83,31.87465676,34.72917814,57,4.550999641418457,WIFI
42507_11111_13903620,HOT mobile,UNKNOWN;il,2017-11-10 11:26:44,0,-113,31.87465676,34.72917814,57,4.550999641418457,GSM
14:ae:db:52:93:fd,yakov,[WPA2-PSK-CCMP][ESS],2017-11-10 11:26:46,1,-76,31.87477805,34.72939121,57,4.550999641418457,WIFI
5c:d9:98:c6:7e:3b,p,[WPA2-PSK-CCMP][ESS],2017-11-10 11:26:46,11,-85,31.87477805,34.72939121,57,4.550999641418457,WIFI
00:18:25:16:d1:b0,Yavne@Cheburashka@Water,[WPA2-PSK-CCMP][ESS],2017-11-10 11:26:50,1,-84,31.8749879,34.72971578,57,4.550999641418457,WIFI
7c:b7:33:ea:b3:80,yryr,[WPA-PSK-CCMP+TKIP][WPA2-PSK-CCMP+TKIP][ESS],2017-11-10 11:26:50,11,-74,31.8749879,34.72971578,57,4.550999641418457,WIFI
00:0e:2e:4b:c4:1d,mayaandguy,[WPA-PSK-TKIP][ESS],2017-11-10 11:26:50,13,-74,31.8749879,34.72971578,57,4.550999641418457,WIFI
f8:1a:67:06:bd:f4,Yahav-AP,[WPA-PSK-CCMP+TKIP][WPA2-PSK-CCMP+TKIP][WPS][ESS],2017-11-10 11:26:50,9,-84,31.8749879,34.72971578,57,4.550999641418457,WIFI
14:ae:db:b3:74:b5,Yossf,[WPA2-PSK-CCMP][ESS],2017-11-10 11:26:50,11,-86,31.8749879,34.72971578,57,4.550999641418457,WIFI
e4:6f:13:6f:6f:d4,gavish,[WPA2-PSK-CCMP][ESS],2017-11-10 11:26:50,11,-87,31.8749879,34.72971578,57,4.550999641418457,WIFI
00:18:25:02:c7:b0,TP-LINK12,[ESS],2017-11-10 11:26:55,6,-62,31.87532696,34.73027787,54,4.550999641418457,WIFI
c0:a0:bb:8f:27:1f,HOTBOX1234_EXT,[WPA-PSK-CCMP+TKIP][WPA2-PSK-CCMP+TKIP][ESS],2017-11-10 11:26:55,1,-84,31.87532696,34.73027787,54,4.550999641418457,WIFI
e8:fc:af:97:6e:e7,Eliassi_2.4,[WPA2-PSK-CCMP][WPS][ESS],2017-11-10 11:26:55,11,-73,31.87532696,34.73027787,54,4.550999641418457,WIFI
f8:ab:05:da:49:d4,HOTBOX1234,[WPA-PSK-CCMP+TKIP][WPA2-PSK-CCMP+TKIP][ESS],2017-11-10 11:26:55,1,-74,31.87532696,34.73027787,54,4.550999641418457,WIFI
f8:ab:05:40:b9:16,HOTBOX1234,[WPA-PSK-CCMP+TKIP][WPA2-PSK-CCMP+TKIP][ESS],2017-11-10 11:26:55,13,-77,31.87532696,34.73027787,54,4.550999641418457,WIFI
58:6d:8f:c5:20:cd,LidaiRouter,[WPA-PSK-CCMP+TKIP][WPA2-PSK-CCMP+TKIP][WPS][ESS],2017-11-10 11:26:55,1,-81,31.87532696,34.73027787,54,4.550999641418457,WIFI
70:62:b8:32:5f:6d,nes_il,[WPA2-PSK-CCMP][ESS],2017-11-10 11:26:55,11,-84,31.87532696,34.73027787,54,4.550999641418457,WIFI
32:cd:a7:a7:6e:55,DIRECT-LEM2070 Series,[WPA2-PSK-CCMP][WPS-AUTH][ESS][P2P],2017-11-10 11:26:55,11,-80,31.87532696,34.73027787,54,4.550999641418457,WIFI
6c:19:8f:48:0f:f4,Bezeq-N_480ff3,[ESS],2017-11-10 11:26:55,6,-85,31.87532696,34.73027787,54,4.550999641418457,WIFI
58:6d:8f:c5:20:cf,LidaiRouter-guest,[ESS],2017-11-10 11:26:55,1,-82,31.87532696,34.73027787,54,4.550999641418457,WIFI
c4:12:f5:82:86:ba,Bezeq-VDSLAC_2.4,[WPA2-PSK-CCMP][ESS],2017-11-10 11:26:55,10,-86,31.87532696,34.73027787,54,4.550999641418457,WIFI
fc:15:b4:6a:6d:0b,HP-Print-0B-Deskjet 4640 series,[ESS],2017-11-10 11:26:55,6,-83,31.87532696,34.73027787,54,4.550999641418457,WIFI
74:da:38:98:2a:06,Geva_AP,[WPA2-PSK-CCMP][ESS],2017-11-10 11:26:55,1,-82,31.87532696,34.73027787,54,4.550999641418457,WIFI
42507_11111_13903620,HOT mobile,UNKNOWN;il,2017-11-10 11:26:55,0,-113,31.87532696,34.73027787,54,4.550999641418457,GSM
64:a5:c3:6d:ad:c4,?-??? Wi-Fi ?? Oran,[WPA2-PSK-CCMP][ESS],2017-11-10 11:26:57,6,-57,31.87546565,34.73051399,54,6.067999839782715,WIFI
14:ae:db:3a:bf:8d,home1010,[WPA2-PSK-CCMP][ESS],2017-11-10 11:26:57,11,-73,31.87546565,34.73051399,54,6.067999839782715,WIFI
d8:fe:e3:dd:82:c2,Bar2017_EXT,[WPA2-PSK-CCMP][ESS],2017-11-10 11:26:57,6,-78,31.87546565,34.73051399,54,6.067999839782715,WIFI
06:ae:db:3a:bf:8d,BezeqFree,[WPA2-PSK-CCMP][ESS],2017-11-10 11:26:57,11,-75,31.87546565,34.73051399,54,6.067999839782715,WIFI
d4:6e:0e:3b:9c:1e,BEZEQINT-72C1,[WPA-PSK-CCMP+TKIP][WPA2-PSK-CCMP+TKIP][WPS][ESS],2017-11-10 11:26:57,6,-83,31.87546565,34.73051399,54,6.067999839782715,WIFI
00:18:25:02:c7:b0,TP-LINK12,[ESS],2017-11-10 11:27:06,6,-65,31.87599646,34.73139153,55,7.585000038146973,WIFI
00:18:25:16:d1:b0,Yavne@Cheburashka@Water,[WPA2-PSK-CCMP][ESS],2017-11-10 11:27:06,1,-84,31.87599646,34.73139153,55,7.585000038146973,WIFI
f8:ab:05:40:b9:16,HOTBOX1234,[WPA-PSK-CCMP+TKIP][WPA2-PSK-CCMP+TKIP][ESS],2017-11-10 11:27:06,13,-77,31.87599646,34.73139153,55,7.585000038146973,WIFI
00:0e:2e:4b:c4:1d,mayaandguy,[WPA-PSK-TKIP][ESS],2017-11-10 11:27:06,13,-74,31.87599646,34.73139153,55,7.585000038146973,WIFI
00:02:6f:cd:56:cf,,[ESS],2017-11-10 11:27:06,13,-79,31.87599646,34.73139153,55,7.585000038146973,WIFI
42507_11111_13903620,HOT mobile,UNKNOWN;il,2017-11-10 11:27:06,0,-113,31.87599646,34.73139153,55,7.585000038146973,GSM
00:18:25:16:d1:b0,Yavne@Cheburashka@Water,[WPA2-PSK-CCMP][ESS],2017-11-10 11:27:08,1,-72,31.87610796,34.73155257,55,7.585000038146973,WIFI
00:02:6f:cd:56:cf,,[ESS],2017-11-10 11:27:08,13,-72,31.87610796,34.73155257,55,7.585000038146973,WIFI
00:18:25:03:68:40,TP-LINK14,[ESS],2017-11-10 11:27:08,6,-75,31.87610796,34.73155257,55,7.585000038146973,WIFI
00:02:6f:aa:c2:7c,,[ESS],2017-11-10 11:27:08,13,-82,31.87610796,34.73155257,55,7.585000038146973,WIFI
00:02:6f:aa:c2:be,,[ESS],2017-11-10 11:27:08,9,-84,31.87610796,34.73155257,55,7.585000038146973,WIFI
00:18:25:02:73:00,TP-LINK13,[ESS],2017-11-10 11:27:17,9,-63,31.87623146,34.73184271,54,4.550999641418457,WIFI
00:18:25:16:d1:b0,Yavne@Cheburashka@Water,[WPA2-PSK-CCMP][ESS],2017-11-10 11:27:19,1,-66,31.87621454,34.73203936,55,4.550999641418457,WIFI
40:65:a3:23:92:0e,HOTFiber-D85C,[WPA-PSK-CCMP+TKIP][WPA2-PSK-CCMP+TKIP][ESS],2017-11-10 11:27:19,6,-74,31.87621454,34.73203936,55,4.550999641418457,WIFI
28:6c:07:44:93:83,PerryNET,[WPA-PSK-CCMP+TKIP][WPA2-PSK-CCMP+TKIP][WPS][ESS],2017-11-10 11:27:19,6,-76,31.87621454,34.73203936,55,4.550999641418457,WIFI
00:18:25:16:d1:b0,Yavne@Cheburashka@Water,[WPA2-PSK-CCMP][ESS],2017-11-10 11:27:28,1,-66,31.87580363,34.73329087,51,4.550999641418457,WIFI
00:18:25:02:73:00,TP-LINK13,[ESS],2017-11-10 11:27:28,9,-72,31.87580363,34.73329087,51,4.550999641418457,WIFI
00:02:6f:cd:56:cf,,[ESS],2017-11-10 11:27:28,13,-72,31.87580363,34.73329087,51,4.550999641418457,WIFI
00:18:25:03:68:40,TP-LINK14,[ESS],2017-11-10 11:27:28,6,-80,31.87580363,34.73329087,51,4.550999641418457,WIFI
00:02:6f:aa:c2:7c,,[ESS],2017-11-10 11:27:28,13,-82,31.87580363,34.73329087,51,4.550999641418457,WIFI
40:65:a3:23:92:0e,HOTFiber-D85C,[WPA-PSK-CCMP+TKIP][WPA2-PSK-CCMP+TKIP][ESS],2017-11-10 11:27:28,6,-74,31.87580363,34.73329087,51,4.550999641418457,WIFI
28:6c:07:44:93:83,PerryNET,[WPA-PSK-CCMP+TKIP][WPA2-PSK-CCMP+TKIP][WPS][ESS],2017-11-10 11:27:28,6,-76,31.87580363,34.73329087,51,4.550999641418457,WIFI
42507_11111_13903370,HOT mobile,UNKNOWN;il,2017-11-10 11:27:28,0,-113,31.87580363,34.73329087,51,4.550999641418457,GSM
00:11:6b:14:a0:06,kito_level1,[WEP][ESS],2017-11-10 11:27:30,6,-77,31.87570671,34.73358192,50,4.550999641418457,WIFI
88:dc:96:41:04:e8,,[ESS],2017-11-10 11:27:30,6,-78,31.87570671,34.73358192,50,4.550999641418457,WIFI
00:18:25:16:d1:b0,Yavne@Cheburashka@Water,[WPA2-PSK-CCMP][ESS],2017-11-10 11:27:39,1,-63,31.87538737,34.7345755,49,4.550999641418457,WIFI
00:02:6f:cd:56:cf,,[ESS],2017-11-10 11:27:39,13,-79,31.87538737,34.7345755,49,4.550999641418457,WIFI
00:18:25:03:68:40,TP-LINK14,[ESS],2017-11-10 11:27:39,6,-76,31.87538737,34.7345755,49,4.550999641418457,WIFI
42507_11111_13903369,HOT mobile,UNKNOWN;il,2017-11-10 11:27:39,0,-113,31.87538737,34.7345755,49,4.550999641418457,GSM
00:18:25:03:68:40,TP-LINK14,[ESS],2017-11-10 11:27:41,6,-68,31.87535583,34.73468695,50,4.550999641418457,WIFI
14:9d:09:80:1a:95,HUAWEI-1A95,[WPA2-PSK-CCMP][WPS][ESS],2017-11-10 11:27:52,3,-69,31.8751242,34.73498654,50,4.550999641418457,WIFI
a4:08:f5:06:61:0c,HOTFiber-AFFD,[WPA-PSK-CCMP+TKIP][WPA2-PSK-CCMP+TKIP][ESS],2017-11-10 11:27:52,1,-74,31.8751242,34.73498654,50,4.550999641418457,WIFI
88:dc:96:41:04:e8,,[ESS],2017-11-10 11:27:52,6,-85,31.8751242,34.73498654,50,4.550999641418457,WIFI
00:02:6f:c8:a0:3e,,[ESS],2017-11-10 11:27:52,6,-84,31.8751242,34.73498654,50,4.550999641418457,WIFI
00:02:6f:eb:c2:68,,[ESS],2017-11-10 11:27:52,9,-86,31.8751242,34.73498654,50,4.550999641418457,WIFI
00:18:25:16:d1:b0,Yavne@Cheburashka@Water,[WPA2-PSK-CCMP][ESS],2017-11-10 11:28:03,1,-83,31.87598155,34.73559179,53,4.550999641418457,WIFI
00:23:cd:16:74:da,Rehani_2,[WPA-PSK-CCMP][WPA2-PSK-CCMP][WPS][ESS],2017-11-10 11:28:03,10,-84,31.87598155,34.73559179,53,4.550999641418457,WIFI
a4:2b:b0:b0:6b:e8,A,[WPA-PSK-CCMP+TKIP][WPA2-PSK-CCMP+TKIP][ESS],2017-11-10 11:28:03,1,-84,31.87598155,34.73559179,53,4.550999641418457,WIFI
42507_11111_13903369,HOT mobile,UNKNOWN;il,2017-11-10 11:28:03,0,-113,31.87598155,34.73559179,53,4.550999641418457,GSM
00:18:25:16:d1:b0,Yavne@Cheburashka@Water,[WPA2-PSK-CCMP][ESS],2017-11-10 11:28:12,1,-83,31.87701439,34.73631217,50,4.550999641418457,WIFI
00:18:25:03:68:40,TP-LINK14,[ESS],2017-11-10 11:28:12,6,-79,31.87701439,34.73631217,50,4.550999641418457,WIFI
00:23:cd:16:74:da,Rehani_2,[WPA-PSK-CCMP][WPA2-PSK-CCMP][WPS][ESS],2017-11-10 11:28:12,10,-84,31.87701439,34.73631217,50,4.550999641418457,WIFI
a4:2b:b0:b0:6b:e8,A,[WPA-PSK-CCMP+TKIP][WPA2-PSK-CCMP+TKIP][ESS],2017-11-10 11:28:12,1,-84,31.87701439,34.73631217,50,4.550999641418457,WIFI
b4:ee:b4:fe:37:4f,DASHIMON,[WPA-PSK-CCMP+TKIP][WPA2-PSK-CCMP+TKIP][ESS],2017-11-10 11:28:12,11,-73,31.87701439,34.73631217,50,4.550999641418457,WIFI
42507_11111_13903369,HOT mobile,UNKNOWN;il,2017-11-10 11:28:12,0,-113,31.87701439,34.73631217,50,4.550999641418457,GSM
d0:84:b0:93:38:bd,DASHIMON,[WPA-PSK-CCMP+TKIP][WPA2-PSK-CCMP+TKIP][ESS],2017-11-10 11:28:14,11,-72,31.87712062,34.73637614,49,4.550999641418457,WIFI
c4:12:f5:fa:90:9c,Shlomi,[WPA2-PSK-CCMP][ESS],2017-11-10 11:28:14,6,-70,31.87712062,34.73637614,49,4.550999641418457,WIFI
c4:12:f5:3f:d8:f5,Shlomi_EXT,[WPA2-PSK-CCMP][ESS],2017-11-10 11:28:14,6,-72,31.87712062,34.73637614,49,4.550999641418457,WIFI
a4:08:f5:21:db:a4,hot,[WPA-PSK-CCMP+TKIP][WPA2-PSK-CCMP+TKIP][ESS],2017-11-10 11:28:14,9,-86,31.87712062,34.73637614,49,4.550999641418457,WIFI
f8:1a:67:c2:49:fa,TP-LINK_C249FA,[ESS],2017-11-10 11:28:14,1,-81,31.87712062,34.73637614,49,4.550999641418457,WIFI
14:af:db:3d:2c:6a,BezeqFree,[WPA2-PSK-CCMP][ESS],2017-11-10 11:28:25,2,-83,31.87731876,34.73659051,49,4.550999641418457,WIFI
42507_11111_13903369,HOT mobile,UNKNOWN;il,2017-11-10 11:28:36,0,-113,31.87809022,34.73710632,50,4.550999641418457,GSM
6c:aa:b3:01:aa:88,SCHOOL,[WPA-PSK-CCMP][WPA2-PSK-CCMP][ESS],2017-11-10 11:28:45,8,-84,31.87900265,34.7377627,50,4.550999641418457,WIFI
7c:b7:33:2e:87:1a,michal,[WPA-PSK-CCMP+TKIP][WPA2-PSK-CCMP+TKIP][ESS],2017-11-10 11:28:45,7,-85,31.87900265,34.7377627,50,4.550999641418457,WIFI
14:ae:db:58:26:ed,olga,[WPA2-PSK-CCMP][ESS],2017-11-10 11:28:47,11,-74,31.87919454,34.73791243,51,4.550999641418457,WIFI
c0:ac:54:f5:ab:79,Elbaz,[WPA-PSK-CCMP+TKIP][WPA2-PSK-CCMP+TKIP][ESS],2017-11-10 11:28:47,11,-84,31.87919454,34.73791243,51,4.550999641418457,WIFI
7c:b7:33:a1:8a:a1,nac650,[WPA-PSK-CCMP+TKIP][WPA2-PSK-CCMP+TKIP][ESS],2017-11-10 11:28:47,1,-86,31.87919454,34.73791243,51,4.550999641418457,WIFI
00:02:6f:cd:55:e9,,[ESS],2017-11-10 11:28:47,13,-61,31.87919454,34.73791243,51,4.550999641418457,WIFI
42507_11111_13903369,HOT mobile,UNKNOWN;il,2017-11-10 11:28:47,0,-113,31.87919454,34.73791243,51,4.550999641418457,GSM
10:fe:ed:53:63:5a,TP-LINK_53635A,[WPA2-PSK-CCMP][WPS][ESS],2017-11-10 11:28:56,10,-78,31.87968242,34.73835379,49,4.550999641418457,WIFI
58:b6:33:32:93:68,SCHOOL,[WPA-PSK-CCMP][WPA2-PSK-CCMP][ESS],2017-11-10 11:28:56,8,-80,31.87968242,34.73835379,49,4.550999641418457,WIFI
10:be:f5:37:5d:f4,eliran,[WPA2-PSK-CCMP][ESS],2017-11-10 11:28:56,9,-87,31.87968242,34.73835379,49,4.550999641418457,WIFI
00:02:6f:cd:55:e9,,[ESS],2017-11-10 11:29:07,13,-68,31.88066515,34.73899844,49,4.550999641418457,WIFI
42507_11111_13903369,HOT mobile,UNKNOWN;il,2017-11-10 11:29:07,0,-113,31.88066515,34.73899844,49,4.550999641418457,GSM
18:d6:c7:83:c8:86,HOTBOX2,[WPA-PSK-CCMP+TKIP][WPA2-PSK-CCMP+TKIP][WPS][ESS],2017-11-10 11:29:09,13,-70,31.88088641,34.73916399,49,4.550999641418457,WIFI
00:02:6f:cd:55:e9,,[ESS],2017-11-10 11:29:18,13,-68,31.88166569,34.73973694,44,4.550999641418457,WIFI
a0:8e:78:74:df:5e,mali1,[WPA-PSK-CCMP+TKIP][WPA2-PSK-CCMP+TKIP][ESS],2017-11-10 11:29:18,11,-83,31.88166569,34.73973694,44,4.550999641418457,WIFI
f8:ab:05:eb:5f:d7,Hotbox1,[WPA-PSK-CCMP+TKIP][WPA2-PSK-CCMP+TKIP][ESS],2017-11-10 11:29:18,1,-84,31.88166569,34.73973694,44,4.550999641418457,WIFI
a0:8e:78:74:e0:12,mali1,[WPA-PSK-CCMP+TKIP][WPA2-PSK-CCMP+TKIP][ESS],2017-11-10 11:29:18,11,-84,31.88166569,34.73973694,44,4.550999641418457,WIFI
d8:fb:5e:17:da:3b,mali1,[WPA-PSK-CCMP+TKIP][WPA2-PSK-CCMP+TKIP][ESS],2017-11-10 11:29:18,11,-85,31.88166569,34.73973694,44,4.550999641418457,WIFI
42507_11111_13903369,HOT mobile,UNKNOWN;il,2017-11-10 11:29:18,0,-113,31.88166569,34.73973694,44,4.550999641418457,GSM
14:ae:db:44:5c:d5,Hadad 11,[WPA-PSK-CCMP+TKIP][WPA2-PSK-CCMP+TKIP][WPS][ESS],2017-11-10 11:29:21,6,-72,31.88175784,34.73981328,44,4.550999641418457,WIFI
9c:d3:6d:c2:05:72,kamari,[WPA2-PSK-CCMP][WPS][ESS],2017-11-10 11:29:21,11,-86,31.88175784,34.73981328,44,4.550999641418457,WIFI
42507_11111_8501771,HOT mobile,UNKNOWN;il,2017-11-10 11:29:29,0,-113,31.88181534,34.73986481,44,4.550999641418457,GSM
c0:ac:54:f8:34:84,Adas,[WPA-PSK-CCMP+TKIP][WPA2-PSK-CCMP+TKIP][ESS],2017-11-10 11:29:32,7,-86,31.88189633,34.73992242,44,4.550999641418457,WIFI
08:97:58:33:19:46,wifi in car-0822,[WPA-PSK-CCMP][WPS][ESS],2017-11-10 11:29:42,2,-77,31.88208357,34.74016683,41,4.550999641418457,WIFI
70:62:b8:34:83:71,LIOR,[WPA2-PSK-CCMP][ESS],2017-11-10 11:29:51,11,-74,31.88245745,34.74058496,40,4.550999641418457,WIFI
30:b5:c2:c0:84:3e,zakri_EXT,[WPA-PSK-CCMP+TKIP][WPA2-PSK-CCMP+TKIP][WPS][ESS],2017-11-10 11:29:51,1,-79,31.88245745,34.74058496,40,4.550999641418457,WIFI
14:ae:db:44:5c:d5,Hadad 11,[WPA-PSK-CCMP+TKIP][WPA2-PSK-CCMP+TKIP][WPS][ESS],2017-11-10 11:29:54,6,-84,31.88261502,34.74083936,40,4.550999641418457,WIFI
14:af:db:30:c9:ba,BezeqFree,[WPA2-PSK-CCMP][ESS],2017-11-10 11:29:54,2,-83,31.88261502,34.74083936,40,4.550999641418457,WIFI
14:ae:db:30:c9:ba,vax,[WPA2-PSK-CCMP][ESS],2017-11-10 11:29:54,2,-85,31.88261502,34.74083936,40,4.550999641418457,WIFI
a0:4f:d4:46:bf:a1,yasmin,[WPA2-PSK-CCMP][ESS],2017-11-10 11:29:54,1,-86,31.88261502,34.74083936,40,4.550999641418457,WIFI
42507_11111_13903369,HOT mobile,UNKNOWN;il,2017-11-10 11:29:54,0,-113,31.88261502,34.74083936,40,4.550999641418457,GSM
10:be:f5:39:75:9e,089437537,[WPA2-PSK-CCMP][ESS],2017-11-10 11:30:13,9,-81,31.8814564,34.74224731,41,4.550999641418457,WIFI
52:be:f5:39:75:9f,BezeqFree,[WPA2-PSK-CCMP][ESS],2017-11-10 11:30:13,9,-84,31.8814564,34.74224731,41,4.550999641418457,WIFI
14:ae:db:3b:3e:25,Or,[WPA2-PSK-CCMP][ESS],2017-11-10 11:30:13,6,-82,31.8814564,34.74224731,41,4.550999641418457,WIFI
06:ae:db:3b:3e:25,BezeqFree,[WPA2-PSK-CCMP][ESS],2017-11-10 11:30:13,6,-85,31.8814564,34.74224731,41,4.550999641418457,WIFI
00:0e:f4:de:76:f7,KasdaDE76F6,[ESS],2017-11-10 11:30:13,1,-83,31.8814564,34.74224731,41,4.550999641418457,WIFI
42507_11111_13903369,HOT mobile,UNKNOWN;il,2017-11-10 11:30:13,0,-113,31.8814564,34.74224731,41,4.550999641418457,GSM
10:be:f5:39:75:9e,089437537,[WPA2-PSK-CCMP][ESS],2017-11-10 11:30:24,9,-81,31.8802083,34.74355189,38,4.550999641418457,WIFI
52:be:f5:39:75:9f,BezeqFree,[WPA2-PSK-CCMP][ESS],2017-11-10 11:30:24,9,-84,31.8802083,34.74355189,38,4.550999641418457,WIFI
14:ae:db:3b:3e:25,Or,[WPA2-PSK-CCMP][ESS],2017-11-10 11:30:24,6,-82,31.8802083,34.74355189,38,4.550999641418457,WIFI
06:ae:db:3b:3e:25,BezeqFree,[WPA2-PSK-CCMP][ESS],2017-11-10 11:30:24,6,-85,31.8802083,34.74355189,38,4.550999641418457,WIFI
00:0e:f4:de:76:f7,KasdaDE76F6,[ESS],2017-11-10 11:30:24,1,-85,31.8802083,34.74355189,38,4.550999641418457,WIFI
14:ae:db:c0:61:45,shauly,[WPA2-PSK-CCMP][ESS],2017-11-10 11:30:24,11,-84,31.8802083,34.74355189,38,4.550999641418457,WIFI
42507_11111_13903369,HOT mobile,UNKNOWN;il,2017-11-10 11:30:24,0,-113,31.8802083,34.74355189,38,4.550999641418457,GSM
14:ae:db:38:47:0d,Eyal,[WPA2-PSK-CCMP][ESS],2017-11-10 11:30:27,9,-87,31.87990283,34.74394783,38,4.550999641418457,WIFI
14:ae:db:c0:61:45,shauly,[WPA2-PSK-CCMP][ESS],2017-11-10 11:30:35,11,-87,31.87928899,34.74522262,39,4.550999641418457,WIFI
14:ae:db:38:47:0d,Eyal,[WPA2-PSK-CCMP][ESS],2017-11-10 11:30:35,9,-87,31.87928899,34.74522262,39,4.550999641418457,WIFI
06:ae:db:48:9c:45,BezeqFree,[WPA2-PSK-CCMP][ESS],2017-11-10 11:30:35,11,-84,31.87928899,34.74522262,39,4.550999641418457,WIFI
00:02:6f:cd:56:d3,,[ESS],2017-11-10 11:30:35,3,-80,31.87928899,34.74522262,39,4.550999641418457,WIFI
42507_11111_13903369,HOT mobile,UNKNOWN;il,2017-11-10 11:30:35,0,-113,31.87928899,34.74522262,39,4.550999641418457,GSM
f4:28:53:6d:6c:82,Orel,[WPA-PSK-CCMP][WPA2-PSK-CCMP][ESS],2017-11-10 11:30:38,11,-80,31.8791548,34.74572304,39,4.550999641418457,WIFI
14:ae:db:53:75:c5,galit,[WPA2-PSK-CCMP][ESS],2017-11-10 11:30:38,6,-82,31.8791548,34.74572304,39,4.550999641418457,WIFI
06:ae:db:48:9c:45,BezeqFree,[WPA2-PSK-CCMP][ESS],2017-11-10 11:30:46,11,-86,31.87876575,34.74632798,38,4.550999641418457,WIFI
00:02:6f:cd:56:d3,,[ESS],2017-11-10 11:30:46,3,-82,31.87876575,34.74632798,38,4.550999641418457,WIFI
14:ae:db:30:9b:72,hagbi10,[WPA2-PSK-CCMP][ESS],2017-11-10 11:30:46,5,-72,31.87876575,34.74632798,38,4.550999641418457,WIFI
14:af:db:30:9b:72,BezeqFree,[WPA2-PSK-CCMP][ESS],2017-11-10 11:30:46,5,-72,31.87876575,34.74632798,38,4.550999641418457,WIFI
42507_11111_13903369,HOT mobile,UNKNOWN;il,2017-11-10 11:30:46,0,-113,31.87876575,34.74632798,38,4.550999641418457,GSM
64:70:02:9e:a0:52,Moshel,[WPA2-PSK-CCMP+TKIP][WPS][ESS],2017-11-10 11:30:57,4,-73,31.87804783,34.74590219,38,4.550999641418457,WIFI
3c:1e:04:08:a8:e5,shoval_2.4,[WPA2-PSK-CCMP][ESS],2017-11-10 11:30:57,1,-80,31.87804783,34.74590219,38,4.550999641418457,WIFI
00:78:9e:ff:83:67,HOTBOX-B684,[WPA-PSK-CCMP+TKIP][WPA2-PSK-CCMP+TKIP][ESS],2017-11-10 11:30:57,1,-84,31.87804783,34.74590219,38,4.550999641418457,WIFI
c4:04:15:1c:1b:80,Kiosk,[WPA2-PSK-CCMP][WPS][ESS],2017-11-10 11:30:57,8,-75,31.87804783,34.74590219,38,4.550999641418457,WIFI
10:5a:f7:09:c9:69,oshri_2.4,[WPA2-PSK-CCMP][ESS],2017-11-10 11:30:57,11,-78,31.87804783,34.74590219,38,4.550999641418457,WIFI
00:78:9e:fa:ee:49,Karin,[WPA-PSK-CCMP+TKIP][WPA2-PSK-CCMP+TKIP][ESS],2017-11-10 11:30:57,6,-79,31.87804783,34.74590219,38,4.550999641418457,WIFI
54:64:d9:66:94:cf,moran,[WPA-PSK-CCMP+TKIP][WPA2-PSK-CCMP+TKIP][ESS],2017-11-10 11:30:57,9,-84,31.87804783,34.74590219,38,4.550999641418457,WIFI
2c:b0:5d:1f:2d:90,giat8,[WPA2-PSK-CCMP][WPS][ESS],2017-11-10 11:30:57,11,-85,31.87804783,34.74590219,38,4.550999641418457,WIFI
e0:46:9a:66:b5:b6,SHLOMI,[WPA2-PSK-CCMP][WPS][ESS],2017-11-10 11:30:59,8,-76,31.87797924,34.74582519,38,4.550999641418457,WIFI
54:64:d9:66:94:cf,moran,[WPA-PSK-CCMP+TKIP][WPA2-PSK-CCMP+TKIP][ESS],2017-11-10 11:30:59,9,-78,31.87797924,34.74582519,38,4.550999641418457,WIFI
00:02:6f:cd:56:af,,[ESS],2017-11-10 11:30:59,11,-77,31.87797924,34.74582519,38,4.550999641418457,WIFI
42507_11111_8501763,HOT mobile,UNKNOWN;il,2017-11-10 11:30:59,0,-113,31.87797924,34.74582519,38,4.550999641418457,GSM
74:da:38:cc:d7:99,Guya_2EX,[WPA2-PSK-CCMP-preauth][WPS][ESS],2017-11-10 11:31:08,11,-78,31.87770495,34.74639409,39,4.550999641418457,WIFI
f4:f2:6d:96:83:2a,Guya,[WPA2-PSK-CCMP][WPS][ESS],2017-11-10 11:31:08,11,-82,31.87770495,34.74639409,39,4.550999641418457,WIFI
14:ae:db:b1:35:15,yaniv1978,[WPA2-PSK-CCMP][ESS],2017-11-10 11:31:08,1,-84,31.87770495,34.74639409,39,4.550999641418457,WIFI
6c:19:8f:4a:9d:a2,Bezeq-N_4a9da1,[ESS],2017-11-10 11:31:08,6,-83,31.87770495,34.74639409,39,4.550999641418457,WIFI
14:ae:db:4e:57:ed,nir,[WPA-PSK-CCMP+TKIP][WPA2-PSK-CCMP+TKIP][WPS][ESS],2017-11-10 11:31:11,6,-82,31.87758225,34.74668591,39,4.550999641418457,WIFI
10:5a:f7:0e:15:19,Maor-lasri-Agever,[WPA2-PSK-CCMP][ESS],2017-11-10 11:31:11,11,-81,31.87758225,34.74668591,39,4.550999641418457,WIFI
7c:b7:33:c1:5b:14,Tziona,[WPA-PSK-CCMP+TKIP][WPA2-PSK-CCMP+TKIP][ESS],2017-11-10 11:31:11,11,-84,31.87758225,34.74668591,39,4.550999641418457,WIFI
06:ae:db:b1:35:15,BezeqFree,[WPA2-PSK-CCMP][ESS],2017-11-10 11:31:19,1,-83,31.87783118,34.74710403,41,4.550999641418457,WIFI
bc:f6:85:0e:93:8d,Bezeq-N_0e938c,[ESS],2017-11-10 11:31:19,6,-72,31.87783118,34.74710403,41,4.550999641418457,WIFI
42507_11111_8501763,HOT mobile,UNKNOWN;il,2017-11-10 11:31:19,0,-113,31.87783118,34.74710403,41,4.550999641418457,GSM
1c:5f:2b:8b:36:a0,NGN_2.4,[WPA-PSK-CCMP][WPA2-PSK-CCMP][ESS],2017-11-10 11:31:41,7,-79,31.87841796,34.74708276,39,4.550999641418457,WIFI
10:be:f5:3f:b0:d0,Natalie,[WPA2-PSK-CCMP][ESS],2017-11-10 11:31:45,6,-78,31.87841885,34.74710831,40,4.550999641418457,WIFI
c0:ac:54:f6:19:0c,HOTBOX-4F24,[WPA-PSK-CCMP+TKIP][WPA2-PSK-CCMP+TKIP][ESS],2017-11-10 11:31:45,1,-85,31.87841885,34.74710831,40,4.550999641418457,WIFI
00:02:6f:c8:a0:92,,[ESS],2017-11-10 11:31:45,13,-85,31.87841885,34.74710831,40,4.550999641418457,WIFI
6c:b0:ce:2f:6d:89,Azulay,[WPA2-PSK-CCMP][WPS][ESS],2017-11-10 11:32:03,1,-83,31.87843046,34.74710523,42,4.550999641418457,WIFI
42507_11111_8501771,HOT mobile,UNKNOWN;il,2017-11-10 11:32:03,0,-113,31.87843046,34.74710523,42,4.550999641418457,GSM
1c:5f:2b:8b:36:a0,NGN_2.4,[WPA-PSK-CCMP][WPA2-PSK-CCMP][ESS],2017-11-10 11:32:23,7,-69,31.87843047,34.74710881,43,4.550999641418457,WIFI
ac:a2:13:c9:6e:28,Pantum-AP-C96E28,[ESS],2017-11-10 11:32:23,11,-85,31.87843047,34.74710881,43,4.550999641418457,WIFI
e8:fc:af:91:27:a9,MAII,[WPA2-PSK-CCMP][WPS][ESS],2017-11-10 11:32:28,6,-87,31.87843041,34.7471088,42,4.550999641418457,WIFI
00:02:6f:c8:a0:92,,[ESS],2017-11-10 11:32:38,13,-80,31.87843031,34.74710893,42,4.550999641418457,WIFI
