0,b2:6c:ac:9f:f1:c5,paysday,2,-82.0,32.10439907437414,35.209501432834735,720.9522612107127,2017-12-03 08:53:56,Approx. w-center algo1
1,3c:52:82:ef:c4:3c,DIRECT-3B-HP DeskJet 3630 series,6,-61.0,32.103112658795794,35.20972713062699,698.4515190271773,2017-12-03 09:03:58,Approx. w-center algo1
2,1c:b9:c4:16:e5:a8,Ariel_University,6,-76.0,32.10360044915835,35.210056997974235,698.72256910716,2017-12-03 09:07:13,Approx. w-center algo1
3,1c:b9:c4:16:12:e8,Ariel_University,1,-90.0,32.10358120061593,35.20879532777539,702.3207686528216,2017-12-03 08:45:42,Approx. w-center algo1
4,ec:8c:a2:88:94:17, ,44,-72.0,32.10304417934987,35.20875733458957,700.4360586099152,2017-12-03 08:41:25,Approx. w-center algo1
5,06:ae:db:3a:64:05,BezeqFree,1,-84.0,32.102458386443125,35.20743113335047,694.8881937656644,2017-12-03 08:37:27,Approx. w-center algo1
6,1c:b9:c4:16:ed:3c,Ariel_University,44,-71.0,32.103085898385494,35.20973611954289,702.6688538585719,2017-12-03 09:03:58,Approx. w-center algo1
7,1c:b9:c4:14:36:fc,Ariel_University,36,-84.0,32.10423235881814,35.2111784466841,704.2993113818352,2017-12-03 08:47:13,Approx. w-center algo1
8,d0:0f:6d:f1:35:2f,Sveta,4,-85.0,32.10251814263996,35.20734901460898,698.9056862429085,2017-12-03 08:37:15,Approx. w-center algo1
9,ec:8c:a2:88:a9:27, ,44,-81.0,32.10377986390148,35.207818162044134,690.4231966047739,2017-12-03 08:37:55,Approx. w-center algo1
10,ec:8c:a2:08:a9:28,Ariel_University,11,-71.0,32.10361868733057,35.20781670936575,690.5070726021237,2017-12-03 08:38:10,Approx. w-center algo1
11,1c:b9:c4:15:3a:3c,Ariel_University,44,-82.0,32.102049198139355,35.20957634222167,691.3318336450411,2017-12-03 08:41:53,Approx. w-center algo1
12,b2:6c:ac:a0:3d:eb,sinusafe,3,-72.0,32.103469311431084,35.20907040146158,695.8661582544762,2017-12-03 08:58:13,Approx. w-center algo1
13,ec:8c:a2:08:a9:2c,Ariel_University,44,-81.0,32.103766485175285,35.20783180358039,690.3776746163047,2017-12-03 08:38:10,Approx. w-center algo1
14,1c:b9:c4:16:04:7c,Ariel_University,60,-81.0,32.102271738464836,35.20927735809509,704.3875712040443,2017-12-03 08:54:29,Approx. w-center algo1
15,14:ae:db:58:0d:6d,__ery,11,-91.0,32.10258798763252,35.20759021123835,693.1085203108703,2017-12-03 08:37:33,Approx. w-center algo1
16,1c:b9:c4:16:ed:48,Ariel_University,6,-81.0,32.10362650826191,35.21010687671902,701.6270681508214,2017-12-03 09:05:51,Approx. w-center algo1
17,00:1a:dd:f4:fc:85,Afikim_Wifi,8,-78.0,32.106211489963755,35.21194838735254,689.2763252871639,2017-12-03 08:39:19,Approx. w-center algo1
18,ec:8c:a2:08:94:18,Ariel_University,1,-60.0,32.10288979029763,35.20894168563406,691.8273694760404,2017-12-03 08:50:35,Approx. w-center algo1
19,ec:8c:a2:08:a9:38,Ariel_University,6,-81.0,32.10276968784859,35.207536172161696,695.1730814282531,2017-12-03 08:37:45,Approx. w-center algo1
20,f8:e7:1e:33:87:38,Police_Shomron ,1,-86.0,32.106211489963755,35.21194838735254,689.2763252871639,2017-12-03 08:39:19,Approx. w-center algo1
21,00:1a:dd:f4:fc:84, ,8,-77.0,32.106211489963755,35.21194838735254,689.2763252871639,2017-12-03 08:39:19,Approx. w-center algo1
22,ec:8c:a2:88:a9:37, ,36,-81.0,32.103254567862166,35.20776621667453,690.8153989055744,2017-12-03 08:37:55,Approx. w-center algo1
23,a2:6c:ac:a0:60:4d,incentive2,1,-72.0,32.104295258377164,35.2094596590395,689.2506394148126,2017-12-03 08:40:58,Approx. w-center algo1
24,1c:b9:c4:14:2b:c8,Ariel_University,6,-69.0,32.105028851482366,35.211094341163104,701.190272994773,2017-12-03 08:44:54,Approx. w-center algo1
25,b2:6c:ac:9f:fb:1f,iagree,1,-69.0,32.10460470197165,35.20974686570655,695.4591440350571,2017-12-03 08:50:01,Approx. w-center algo1
26,ec:8c:a2:08:a9:3c,Ariel_University,36,-75.0,32.10294522725105,35.20767327460506,691.0835484362619,2017-12-03 08:37:49,Approx. w-center algo1
27,1c:b9:c4:14:2f:68,Ariel_University,6,-67.0,32.10271363455412,35.208796834764435,697.5388366473469,2017-12-03 08:46:03,Approx. w-center algo1
28,1c:b9:c4:16:05:7c,Ariel_University,36,-89.0,32.10488923253685,35.210990272158256,704.6990103428165,2017-12-03 08:45:09,Approx. w-center algo1
29,1c:b9:c4:94:2b:d7, ,36,-78.0,32.102278046502754,35.20926738007158,697.3514191595569,2017-12-03 08:50:47,Approx. w-center algo1
30,00:1d:aa:81:d8:3c,KCG-ADSL,3,-64.0,32.10285315496636,35.209783323477055,703.7357989539665,2017-12-03 09:04:06,Approx. w-center algo1
31,1c:b9:c4:95:43:e7, ,36,-90.0,32.10199115789806,35.20958210879809,691.3292746776632,2017-12-03 08:41:50,Approx. w-center algo1
32,a2:6c:ac:a0:60:55,incentive2,36,-82.0,32.104568792116325,35.20969930203204,704.3331469531614,2017-12-03 08:53:50,Approx. w-center algo1
33,b2:6c:ac:9f:fb:27,iagree,36,-89.0,32.10489300606392,35.20928224839672,690.7435731036957,2017-12-03 08:41:04,Approx. w-center algo1
34,ec:8c:a2:08:92:48,Ariel_University,6,-85.0,32.10461272357625,35.20792963641949,689.6670161410832,2017-12-03 08:38:25,Approx. w-center algo1
35,1c:b9:c4:15:23:5c,Ariel_University,36,-91.0,32.104079300627305,35.20894493919268,693.2106002961864,2017-12-03 08:41:10,Approx. w-center algo1
36,58:70:c6:fb:96:30,YICarCam_fb9630,5,-88.0,32.10473133,35.21000489,687.0,2017-12-03 08:49:58,Approx. w-center algo1
37,1c:b9:c4:16:e5:ac,Ariel_University,36,-88.0,32.10360554777893,35.20981182556972,696.9845369879256,2017-12-03 08:42:17,Approx. w-center algo1
38,ec:8c:a2:08:79:88,Ariel_University,1,-88.0,32.10493454942741,35.210993687799785,688.9904963388942,2017-12-03 08:40:34,Approx. w-center algo1
39,1c:b9:c4:15:43:e8,Ariel_University,1,-75.0,32.10240543849414,35.20907080925338,700.5464770046951,2017-12-03 08:46:12,Approx. w-center algo1
40,1c:b9:c4:14:2b:d8,Ariel_University,1,-63.0,32.10239321521823,35.20935115233506,693.5101064857049,2017-12-03 08:58:13,Approx. w-center algo1
41,ec:8c:a2:08:92:4c,Ariel_University,36,-88.0,32.10461272357625,35.20792963641949,689.6670161410832,2017-12-03 08:38:25,Approx. w-center algo1
42,c8:be:19:07:77:b9,Bezeq-N_0777b8,11,-88.0,32.10413712623305,35.21082446017363,704.7212452331758,2017-12-03 08:51:42,Approx. w-center algo1
43,1c:b9:c4:94:2b:c7, ,36,-80.0,32.1050271314145,35.21103245039248,700.7822284453173,2017-12-03 08:44:55,Approx. w-center algo1
44,8c:0c:90:6f:36:58, ,1,-74.0,32.104693402038414,35.20992463410953,706.1602376340919,2017-12-03 08:53:44,Approx. w-center algo1
45,8c:0c:90:2f:36:58,Ariel_University,1,-71.0,32.104756095893336,35.20996993134828,699.1416431415803,2017-12-03 08:45:10,Approx. w-center algo1
46,90:6c:ac:a0:3d:eb,Guest,3,-73.0,32.103635443118556,35.20922846375579,699.731408946394,2017-12-03 08:58:28,Approx. w-center algo1
47,1c:b9:c4:15:1c:bc,Ariel_University,36,-90.0,32.103388164157224,35.209780212663475,713.0579802632583,2017-12-03 08:46:43,Approx. w-center algo1
48,00:27:19:13:fc:a4,KCG_20,11,-85.0,32.10520095441039,35.211813446554004,694.5187617004623,2017-12-03 08:39:31,Approx. w-center algo1
49,24:79:2a:2b:02:78,Ariel_University,6,-80.0,32.10381301,35.21016707,708.0,2017-12-03 09:06:35,Approx. w-center algo1
50,1c:b9:c4:94:2f:67, ,36,-84.0,32.10293474085022,35.20878314332855,707.5299710413922,2017-12-03 08:50:36,Approx. w-center algo1
51,d0:bf:9c:db:31:30,HP-Print-30-Officejet 7610,6,-73.0,32.10465458359187,35.2098436761803,695.9864142676977,2017-12-03 08:50:01,Approx. w-center algo1
52,ec:8c:a2:09:93:b8,Ariel_University,11,-90.0,32.10297429619621,35.20769754582129,690.9460551220589,2017-12-03 08:37:45,Approx. w-center algo1
53,24:79:2a:2b:34:e8,Ariel_University,1,-90.0,32.10507123327566,35.21145722461369,693.5785828198289,2017-12-03 08:49:10,Approx. w-center algo1
54,1c:b9:c4:95:23:57, ,36,-92.0,32.104079300627305,35.20894493919268,693.2106002961864,2017-12-03 08:41:10,Approx. w-center algo1
55,1c:b9:c4:96:05:77, ,36,-90.0,32.10490479074945,35.211247446727874,697.4311692397619,2017-12-03 08:42:59,Approx. w-center algo1
56,1c:b9:c4:16:05:78,Ariel_University,6,-78.0,32.10471077404331,35.21030982044927,700.7059114657255,2017-12-03 08:45:28,Approx. w-center algo1
57,1c:b9:c4:15:23:58,Ariel_University,6,-78.0,32.1040524684407,35.209126850618865,689.9727887118731,2017-12-03 08:50:04,Approx. w-center algo1
58,3c:52:82:ef:d4:56,DIRECT-55-HP DeskJet 3630 series,6,-73.0,32.10218764306504,35.2092902710175,694.1649424257095,2017-12-03 08:46:12,Approx. w-center algo1
59,e4:95:6e:40:87:1a,OOP_course,1,-20.0,32.10300921,35.2096084,701.0,2017-12-03 09:01:13,Approx. w-center algo1
60,1c:b9:c4:16:f1:48,Ariel_University,1,-73.0,32.10225788704907,35.209224656135646,693.8738864635395,2017-12-03 08:46:09,Approx. w-center algo1
61,3c:52:82:ef:d4:52,DIRECT-51-HP DeskJet 3630 series,6,-72.0,32.10360702437693,35.20990817770251,700.2261390612397,2017-12-03 09:06:51,Approx. w-center algo1
62,90:6c:ac:a0:7b:4d,EVE,11,-64.0,32.10468953613204,35.20992442658789,687.6462581958652,2017-12-03 08:45:13,Approx. w-center algo1
63,1c:b9:c4:96:cd:17, ,36,-89.0,32.105448644069995,35.21192983211315,691.5885470680463,2017-12-03 08:39:34,Approx. w-center algo1
64,1c:b9:c4:96:f1:47, ,36,-83.0,32.10215532094677,35.20926006509077,703.3361961164649,2017-12-03 08:46:13,Approx. w-center algo1
65,00:11:6b:11:7e:0c,yosh,1,-87.0,32.10487689108954,35.21085266592886,693.1063547311704,2017-12-03 08:49:58,Approx. w-center algo1
66,70:5a:0f:57:04:17,DIRECT-B1-HP DeskJet 3830 series,11,-84.0,32.10474846,35.21005988,687.0,2017-12-03 08:45:10,Approx. w-center algo1
67,8c:0c:90:2e:16:88,Ariel_University,11,-78.0,32.10372667320466,35.209562524363626,700.1139500228709,2017-12-03 08:45:42,Approx. w-center algo1
68,24:79:2a:2b:24:98,Ariel_University,1,-81.0,32.104250810070795,35.21062416797126,694.7682635009743,2017-12-03 08:51:42,Approx. w-center algo1
69,00:27:22:f3:bb:3a, ,6,-86.0,32.10353355128237,35.20781291804855,690.5795129917332,2017-12-03 08:38:10,Approx. w-center algo1
70,1c:b9:c4:14:30:3c,Ariel_University,44,-80.0,32.10298530383412,35.20969269755819,701.7019225009692,2017-12-03 09:03:53,Approx. w-center algo1
71,84:c9:b2:4a:e7:87,dlink,2,-86.0,32.1044140461797,35.20788087493433,689.9496964638441,2017-12-03 08:38:22,Approx. w-center algo1
72,00:8c:54:90:ce:d1,victoria,11,-89.0,32.10251743683182,35.2073387273908,695.5775665899107,2017-12-03 08:37:24,Approx. w-center algo1
73,1c:b9:c4:16:cd:18,IT-MNG,1,-75.0,32.105760148875554,35.21206399289527,690.460869314654,2017-12-03 08:39:31,Approx. w-center algo1
74,1c:b9:c4:15:25:4c,Ariel_University,44,-87.0,32.10474846,35.21005988,687.0,2017-12-03 08:45:10,Approx. w-center algo1
75,f8:e7:1e:33:87:3c,Police_Shomron ,36,-86.0,32.10578181130056,35.21207187967583,690.5323471428377,2017-12-03 08:39:28,Approx. w-center algo1
76,1c:b9:c4:15:3a:28,Ariel_University,1,-87.0,32.105448644069995,35.21192983211315,691.5885470680463,2017-12-03 08:39:34,Approx. w-center algo1
77,00:25:86:cc:00:f8,AUC_54_R,5,-74.0,32.10365113349193,35.20818644933492,693.5284770660688,2017-12-03 08:38:19,Approx. w-center algo1
78,24:79:2a:2b:24:9c,Ariel_University,36,-87.0,32.104065424799884,35.21056380796895,697.5076283965512,2017-12-03 08:42:32,Approx. w-center algo1
79,1c:b9:c4:94:36:f7, ,36,-89.0,32.10421174650141,35.211189336085184,697.9876832678715,2017-12-03 08:42:41,Approx. w-center algo1
80,8c:0c:90:af:76:53, ,6,-90.0,32.105210120790346,35.21178480914369,692.3377115782242,2017-12-03 08:39:49,Approx. w-center algo1
81,34:0b:01:19:21:42,afikim-wifi,7,-91.0,32.10253330333696,35.20726399020641,699.287760530489,2017-12-03 08:37:10,Approx. w-center algo1
82,1c:b9:c4:15:25:48,Ariel_University,1,-72.0,32.10469337282263,35.209915031396164,701.792347634516,2017-12-03 08:45:13,Approx. w-center algo1
83,1c:b9:c4:16:f1:5c,Ariel_University,52,-77.0,32.1033105561659,35.20975755219821,703.941478824367,2017-12-03 09:05:39,Approx. w-center algo1
84,1c:b9:c4:16:f1:58,Ariel_University,6,-72.0,32.10321600315458,35.20972455963599,701.9403365356332,2017-12-03 09:03:50,Approx. w-center algo1
85,1c:b9:c4:15:3a:38,Ariel_University,11,-74.0,32.10203099274982,35.20951543418148,699.432782043891,2017-12-03 08:54:44,Approx. w-center algo1
86,48:ee:0c:3e:86:dd,tachlit3,7,-85.0,32.102383542734515,35.208836763486595,689.4879837201058,2017-12-03 08:46:06,Approx. w-center algo1
87,24:79:2a:2b:34:a8,Ariel_University,11,-92.0,32.105338150765675,35.21187487697705,692.0554072332519,2017-12-03 08:39:37,Approx. w-center algo1
88,24:c9:a1:36:52:d8,Ariel_University,1,-90.0,32.10481856308317,35.210123150849206,726.1049342872047,2017-12-03 08:53:41,Approx. w-center algo1
89,f8:e9:03:12:ef:3b,ShapeDo,6,-67.0,32.10477209848867,35.20959198198432,689.4143706947036,2017-12-03 08:45:16,Approx. w-center algo1
90,f8:e9:03:12:ef:3c,ShapeDo-5GHz,60,-75.0,32.10456801210062,35.209679316065845,689.8684136221324,2017-12-03 08:45:16,Approx. w-center algo1
91,1c:b9:c4:14:36:f8,Ariel_University,6,-78.0,32.104519883098945,35.211279570886184,694.6482809964774,2017-12-03 08:42:41,Approx. w-center algo1
92,1c:b9:c4:96:f1:57, ,52,-82.0,32.103260452095796,35.20974024367279,703.9055825038959,2017-12-03 09:00:33,Approx. w-center algo1
93,1c:b9:c4:16:cd:1c,Ariel_University,36,-88.0,32.10578181130056,35.21207187967583,690.5323471428377,2017-12-03 08:39:28,Approx. w-center algo1
94,00:1a:dd:f4:ef:c4, ,1,-87.0,32.10614939016676,35.21138726608906,688.8993666020681,2017-12-03 08:39:13,Approx. w-center algo1
95,1c:b9:c4:95:3a:37, ,44,-87.0,32.10204840896786,35.209305441513706,690.6637923310731,2017-12-03 08:41:47,Approx. w-center algo1
96,00:1a:dd:f4:ef:c5,Afikim_Wifi,1,-81.0,32.106089276564596,35.21106968179408,688.7624378298848,2017-12-03 08:39:10,Approx. w-center algo1
97,cc:fa:00:ae:93:46,bezek freeee,6,-86.0,32.10263460161589,35.20757686137406,692.0341048029707,2017-12-03 08:37:36,Approx. w-center algo1
98,c0:4a:00:71:ee:ee,Onicom,9,-81.0,32.103488096295486,35.209807180370774,699.2249391711212,2017-12-03 09:03:09,Approx. w-center algo1
99,00:27:22:f3:bb:2b, ,6,-85.0,32.10405974104211,35.20942539110444,705.4863232281272,2017-12-03 08:41:07,Approx. w-center algo1
100,70:5a:0f:57:42:43,DIRECT-42-HP DeskJet 3830 series,11,-75.0,32.10447804,35.20959776,687.0,2017-12-03 08:45:19,Approx. w-center algo1
101,1c:b9:c4:16:f1:4c,Ariel_University,36,-84.0,32.10214478667037,35.209089103693636,689.2517761973078,2017-12-03 08:46:12,Approx. w-center algo1
102,90:6c:ac:a0:7b:55,EVE,52,-73.0,32.10465583147739,35.209799109729424,721.9074685803262,2017-12-03 08:53:47,Approx. w-center algo1
103,1c:b9:c4:15:3a:2c,Ariel_University,36,-92.0,32.105338150765675,35.21187487697705,692.0554072332519,2017-12-03 08:39:37,Approx. w-center algo1
104,c0:bd:d1:d5:8c:55,AndroidAP,6,-80.0,32.10312597,35.20921578,696.5,2017-12-03 08:57:58,Approx. w-center algo1
105,b2:6c:ac:a0:7b:4d,magneto,11,-63.0,32.10473212586949,35.20999833380823,694.9662566501792,2017-12-03 08:45:13,Approx. w-center algo1
106,1c:b9:c4:95:ec:37, ,36,-79.0,32.10298166965829,35.20967767182609,699.3847452618824,2017-12-03 09:03:58,Approx. w-center algo1
107,1c:b9:c4:14:2c:3c,Ariel_University,52,-75.0,32.10301675257821,35.20996483188758,694.3706763983566,2017-12-03 09:09:38,Approx. w-center algo1
108,1c:b9:c4:16:ee:9c,Ariel_University,36,-85.0,32.10259716125353,35.20992068942939,696.4473308693133,2017-12-03 08:42:02,Approx. w-center algo1
109,ec:8c:a2:26:d2:c8,Ariel_University,11,-90.0,32.10463137629941,35.20888730350134,690.5715158623818,2017-12-03 08:50:13,Approx. w-center algo1
110,1c:b9:c4:15:34:b8,Ariel_University,6,-92.0,32.10493191549645,35.21025667401684,692.7030958914264,2017-12-03 08:40:49,Approx. w-center algo1
111,24:79:2a:ac:5b:d7, ,36,-82.0,32.10444130085198,35.20944049214144,719.6999289639562,2017-12-03 08:53:53,Approx. w-center algo1
112,1c:b9:c4:14:30:08,Ariel_University,1,-81.0,32.10501114734997,35.21068038303641,697.5475606772844,2017-12-03 08:45:04,Approx. w-center algo1
113,ec:8c:a2:88:7b:87, ,40,-76.0,32.10392178055328,35.207895366225024,690.2937519226789,2017-12-03 08:38:13,Approx. w-center algo1
114,ec:8c:a2:09:0c:cc,Ariel_University,44,-80.0,32.10321891949164,35.2077603995489,690.8382411765818,2017-12-03 08:37:55,Approx. w-center algo1
115,58:70:c6:fb:68:7a,YICarCam_fb687a,5,-88.0,32.104362677361316,35.20927746779735,692.9954485022049,2017-12-03 08:41:04,Approx. w-center algo1
116,1c:b9:c4:15:fd:e8,IT-MNG,11,-82.0,32.10534576509134,35.21169309934411,691.3431389455745,2017-12-03 08:39:40,Approx. w-center algo1
117,34:8f:27:20:89:b8,Ariel_University,6,-78.0,32.10404173917296,35.20916332284545,691.4550620666852,2017-12-03 08:41:04,Approx. w-center algo1
118,1c:b9:c4:16:ee:98,Ariel_University,6,-73.0,32.10322749479845,35.21021632809159,693.9243746625878,2017-12-03 09:04:26,Approx. w-center algo1
119,1c:b9:c4:15:ed:b8,IT-MNG,1,-82.0,32.10336183777687,35.20975078092387,700.4082398392861,2017-12-03 09:05:39,Approx. w-center algo1
120,00:1a:dd:f4:ef:04,PEPWAVE_9481,1,-76.0,32.105962572338896,35.21055153552892,688.6825017110157,2017-12-03 08:39:04,Approx. w-center algo1
121,1c:b9:c4:15:fd:ec,Ariel_University,40,-76.0,32.10533711925973,35.2118598855837,691.9964341016355,2017-12-03 08:39:40,Approx. w-center algo1
122,1c:b9:c4:12:7c:c8,Ariel_University,11,-65.0,32.10318312153525,35.20874755297561,698.132153165206,2017-12-03 08:45:57,Approx. w-center algo1
123,1c:b9:c4:95:fd:47, ,36,-87.0,32.1037295356692,35.20938172918558,705.7432982997963,2017-12-03 08:46:49,Approx. w-center algo1
124,1c:b9:c4:15:36:9c,Ariel_University,36,-82.0,32.105191757257465,35.2112199723324,703.6200349313401,2017-12-03 08:44:54,Approx. w-center algo1
125,b2:6c:ac:a0:7b:55,magneto,52,-73.0,32.10467817424046,35.209813646365646,708.5120395177382,2017-12-03 08:53:47,Approx. w-center algo1
126,a2:6c:ac:a0:18:29,artsim,6,-75.0,32.103666322911735,35.20929375541751,689.7993843417348,2017-12-03 08:57:43,Approx. w-center algo1
127,1c:b9:c4:14:2b:88,Ariel_University,11,-72.0,32.10334261204882,35.209957705617036,698.4074362218546,2017-12-03 09:03:53,Approx. w-center algo1
128,1c:b9:c4:12:90:b8,Ariel_University,11,-74.0,32.10297746909525,35.20879731562317,701.938763283568,2017-12-03 08:46:09,Approx. w-center algo1
129,fc:3f:db:9c:36:3d,DIRECT-5C-HP DeskJet 3630 series,6,-79.0,32.10206173176159,35.20947285980674,700.4320999806323,2017-12-03 08:46:18,Approx. w-center algo1
130,1c:b9:c4:14:62:4c,Ariel_University,36,-74.0,32.10457102888188,35.209608501213296,692.8918490649098,2017-12-03 08:40:58,Approx. w-center algo1
131,1c:b9:c4:16:cd:68,Ariel_University,11,-86.0,32.1044140461797,35.20788087493433,689.9496964638441,2017-12-03 08:38:22,Approx. w-center algo1
132,b0:48:7a:a1:80:8c,Knoch,4,-86.0,32.10251814263996,35.20734901460898,698.9056862429085,2017-12-03 08:37:15,Approx. w-center algo1
133,a0:ab:1b:60:b4:ca,036518749,8,-79.0,32.10231850821487,35.20917581062308,691.9385187686761,2017-12-03 08:50:47,Approx. w-center algo1
134,1c:b9:c4:95:44:87, ,36,-86.0,32.104750634791365,35.21122999135554,699.6870730661486,2017-12-03 08:51:57,Approx. w-center algo1
135,1c:b9:c4:15:3d:58,Ariel_University,11,-69.0,32.10203000020258,35.20952677344789,696.2765809150901,2017-12-03 08:46:18,Approx. w-center algo1
136,1c:b9:c4:14:30:0c,Ariel_University,36,-85.0,32.10506214894986,35.21071549460977,692.6868607099875,2017-12-03 08:40:43,Approx. w-center algo1
137,1c:b9:c4:95:1e:67, ,36,-89.0,32.10263051540787,35.21002970756891,712.9572535195944,2017-12-03 08:46:31,Approx. w-center algo1
138,10:be:f5:39:8f:f2,LARISA,3,-86.0,32.10251814263996,35.20734901460898,698.9056862429085,2017-12-03 08:37:15,Approx. w-center algo1
139,1c:b9:c4:12:90:bc,Ariel_University,40,-77.0,32.10318778812615,35.208912290312036,694.5728240517268,2017-12-03 08:41:31,Approx. w-center algo1
140,ec:8c:a2:08:79:a8,Ariel_University,6,-74.0,32.104697508718836,35.21075809840327,693.515546031181,2017-12-03 08:43:02,Approx. w-center algo1
141,e8:94:f6:d5:98:86,TP-LINK_D59886,9,-94.0,32.10225656,35.21001902,692.0,2017-12-03 08:46:27,Approx. w-center algo1
142,ec:8c:a2:88:78:37, ,40,-90.0,32.103323385092075,35.20778662747971,690.7687922307229,2017-12-03 08:37:58,Approx. w-center algo1
143,1c:b9:c4:16:11:a8,Ariel_University,1,-76.0,32.102449821655654,35.20909431780463,695.5259023499532,2017-12-03 08:41:34,Approx. w-center algo1
144,1c:b9:c4:96:1d:77, ,44,-85.0,32.10377001820289,35.20885655710274,710.364346402885,2017-12-03 08:50:20,Approx. w-center algo1
145,1c:b9:c4:15:36:98,Ariel_University,1,-81.0,32.105151145554075,35.21116457683499,700.3504652541378,2017-12-03 08:44:54,Approx. w-center algo1
146,1c:b9:c4:14:2b:8c,Ariel_University,44,-90.0,32.103388164157224,35.209780212663475,713.0579802632583,2017-12-03 08:46:43,Approx. w-center algo1
147,14:ae:db:3a:64:05,tanya,1,-86.0,32.102528187003614,35.20734570155965,700.1622738859833,2017-12-03 08:37:13,Approx. w-center algo1
148,ec:8c:a2:08:78:cc,Ariel_University,48,-74.0,32.10325834369087,35.20905902154404,709.3871693037955,2017-12-03 08:50:24,Approx. w-center algo1
149,1c:b9:c4:15:3d:5c,Ariel_University,36,-82.0,32.101993215281134,35.209569911503216,690.6407658565206,2017-12-03 08:46:18,Approx. w-center algo1
150,00:1a:dd:f5:06:a4, ,13,-83.0,32.10593532045871,35.21038076777716,688.6045855255679,2017-12-03 08:39:04,Approx. w-center algo1
151,24:79:2a:2b:bd:8c,Ariel_University,44,-83.0,32.10379299376427,35.21009379786531,703.0223738791422,2017-12-03 09:06:21,Approx. w-center algo1
152,00:1a:dd:f5:06:a5,Afikim_Wifi,13,-84.0,32.10593532045871,35.21038076777716,688.6045855255679,2017-12-03 08:39:04,Approx. w-center algo1
153,00:1a:dd:f5:e9:25,Afikim-73925,1,-58.0,32.10595770553916,35.21055454606218,688.6715462468687,2017-12-03 08:39:10,Approx. w-center algo1
154,00:1a:dd:f5:e9:24,PEPWAVE_C99D,1,-59.0,32.105460466409745,35.210257453794235,689.4884991272369,2017-12-03 08:39:10,Approx. w-center algo1
155,a4:08:f5:20:72:6a,HOTFiber-3C40,1,-87.0,32.102861507686676,35.2076291986019,691.1036071541976,2017-12-03 08:37:42,Approx. w-center algo1
156,00:0e:f4:c1:50:14,vladimir,11,-92.0,32.10263460161589,35.20757686137406,692.0341048029708,2017-12-03 08:37:36,Approx. w-center algo1
157,1c:b9:c4:16:f1:98,Ariel_University,11,-72.0,32.102269816920725,35.20920039247068,691.18037356769,2017-12-03 08:50:47,Approx. w-center algo1
158,74:ea:3a:ad:d1:50,TP-LINK_ADD150,4,-71.0,32.10372518044137,35.20937447710911,690.0337546152826,2017-12-03 08:40:58,Approx. w-center algo1
159,1c:b9:c4:15:3d:68,Ariel_University,6,-78.0,32.10307001349221,35.21007391297352,694.8208554784578,2017-12-03 09:04:26,Approx. w-center algo1
160,1c:b9:c4:12:7c:cc,Ariel_University,36,-81.0,32.10302115000105,35.208813904216676,691.9923582374439,2017-12-03 08:41:25,Approx. w-center algo1
161,1c:b9:c4:14:30:38,Ariel_University,1,-65.0,32.102905450600446,35.209705390026635,700.3733126929335,2017-12-03 09:04:04,Approx. w-center algo1
162,a0:4f:d4:3b:e9:01,Lidor a,6,-84.0,32.102528187003614,35.20734570155965,700.1622738859833,2017-12-03 08:37:13,Approx. w-center algo1
163,ec:8c:a2:09:0c:c8,Ariel_University,1,-86.0,32.10342051137385,35.20780552775216,690.6874448611455,2017-12-03 08:38:04,Approx. w-center algo1
164,ec:8c:a2:08:90:cc,Ariel_University,36,-87.0,32.10342051137385,35.20780552775216,690.6874448611455,2017-12-03 08:38:04,Approx. w-center algo1
165,ec:8c:a2:08:79:ac,Ariel_University,36,-83.0,32.10491909900176,35.21130154968856,693.8682117313015,2017-12-03 08:42:59,Approx. w-center algo1
166,1c:b9:c4:14:33:cc,Ariel_University,48,-78.0,32.10251676329972,35.20903077748837,695.9738184307372,2017-12-03 08:50:58,Approx. w-center algo1
167,8c:0c:90:6e:16:88, ,11,-78.0,32.10366838495598,35.20889033017827,699.4671303269142,2017-12-03 08:45:30,Approx. w-center algo1
168,ec:8c:a2:89:8c:37, ,44,-86.0,32.10371440835981,35.2078263595938,690.4758805974767,2017-12-03 08:38:13,Approx. w-center algo1
169,00:02:6f:8e:64:67, ,1,-87.0,32.10344907131182,35.20923973447798,708.5804377769539,2017-12-03 08:45:36,Approx. w-center algo1
170,24:79:2a:2c:5b:d8,Ariel_University,1,-79.0,32.1042182359059,35.20991896601914,699.9473732605244,2017-12-03 08:50:04,Approx. w-center algo1
171,30:b5:c2:b8:40:36, ,13,-91.0,32.10494482726751,35.210446896260514,717.6172124232385,2017-12-03 08:49:48,Approx. w-center algo1
172,ec:8c:a2:26:b0:e8,Ariel_University,6,-81.0,32.10369240242855,35.20889445455368,690.7682301188013,2017-12-03 08:45:36,Approx. w-center algo1
173,90:6c:ac:9f:f1:c5,CliClap,2,-86.0,32.10432787109738,35.20944039333655,718.4184377798202,2017-12-03 08:45:12,Approx. w-center algo1
174,00:1a:dd:e3:06:e4,afikim-wifi,1,-53.0,32.102529803081474,35.2073198916877,699.8860444903257,2017-12-03 08:37:13,Approx. w-center algo1
175,1c:b9:c4:15:43:ec,Ariel_University,36,-86.0,32.102298630301554,35.20922609710819,706.4003318459148,2017-12-03 08:54:29,Approx. w-center algo1
176,1c:b9:c4:95:ed:47, ,44,-87.0,32.104906121909195,35.21135241304572,691.7266026300563,2017-12-03 08:40:34,Approx. w-center algo1
177,1c:b9:c4:16:f4:2c,Ariel_University,44,-87.0,32.102562870331376,35.209176986367694,708.1826128098342,2017-12-03 08:45:54,Approx. w-center algo1
178,1c:b9:c4:16:f4:28,Ariel_University,11,-75.0,32.10228287268216,35.208996006489265,690.1382610146412,2017-12-03 08:46:09,Approx. w-center algo1
179,90:6c:ac:9f:fb:27,Guest,36,-89.0,32.10489300606392,35.20928224839672,690.7435731036957,2017-12-03 08:41:04,Approx. w-center algo1
180,ec:8c:a2:08:90:c8,Ariel_University,11,-78.0,32.1036008123458,35.20781952974852,690.5542770521721,2017-12-03 08:38:13,Approx. w-center algo1
181,1c:b9:c4:16:11:ac,Ariel_University,44,-83.0,32.10256673327454,35.20898125337866,701.130219722951,2017-12-03 08:41:34,Approx. w-center algo1
182,1c:b9:c4:96:28:e7, ,36,-72.0,32.10368839370954,35.20877681328383,691.4510767002092,2017-12-03 08:41:19,Approx. w-center algo1
183,24:79:2a:2c:61:6c,Ariel_University,36,-92.0,32.10413712623305,35.210824460173626,704.7212452331758,2017-12-03 08:51:42,Approx. w-center algo1
184,00:1a:dd:f4:f5:c4, ,13,-87.0,32.105474246405585,35.20978571370655,689.0514532717172,2017-12-03 08:39:16,Approx. w-center algo1
185,00:1a:dd:f4:f5:c5,Afikim_Wifi,13,-85.0,32.1051395482204,35.20907111905004,689.2440822092435,2017-12-03 08:38:28,Approx. w-center algo1
186,1c:b9:c4:14:2c:18,Ariel_University,1,-75.0,32.10240105789399,35.209144564397185,697.9423213346126,2017-12-03 08:54:32,Approx. w-center algo1
187,ec:8c:a2:08:78:c8,Ariel_University,6,-75.0,32.102715605147154,35.20937632269227,694.0592079576196,2017-12-03 08:58:13,Approx. w-center algo1
188,90:6c:ac:9f:fb:1f,Guest,1,-69.0,32.10480393313789,35.209756662274636,687.6128167610751,2017-12-03 08:50:01,Approx. w-center algo1
189,cc:b2:55:e7:7e:ba,Bezeq-NGN_E77EB9,6,-87.0,32.106181954122206,35.21168763894033,689.1981253462078,2017-12-03 08:39:16,Approx. w-center algo1
190,40:a5:ef:7a:17:f2,2.4V1,1,-72.0,32.102485987382394,35.20991862682752,697.3346164887117,2017-12-03 08:46:24,Approx. w-center algo1
191,1c:b9:c4:16:04:78,Ariel_University,11,-72.0,32.10229756934505,35.20942351691891,693.1958479137515,2017-12-03 08:46:15,Approx. w-center algo1
192,9c:d2:1e:04:e6:2c,HP-Print-2c-LaserJet 400 color,6,-91.0,32.10473133,35.21000489,687.0,2017-12-03 08:49:58,Approx. w-center algo1
193,ec:8c:a2:09:03:38,Ariel_University,1,-71.0,32.10281447386213,35.20758104767403,693.2074095942437,2017-12-03 08:37:52,Approx. w-center algo1
194,30:e1:71:0f:a2:72,DIRECT-71-HP DeskJet 3630 series,6,-76.0,32.10201314920573,35.20972856511783,690.9557848714416,2017-12-03 08:50:55,Approx. w-center algo1
195,ec:8c:a2:08:94:1c,Ariel_University,44,-63.0,32.103332018304705,35.20877923503941,707.3879720917654,2017-12-03 08:50:28,Approx. w-center algo1
196,34:8f:27:20:89:bc,Ariel_University,44,-87.0,32.104466966368285,35.20942986183025,692.9030486088649,2017-12-03 08:41:01,Approx. w-center algo1
197,1c:b9:c4:96:ed:37, ,44,-77.0,32.10294447969606,35.20968831872878,698.1641498759643,2017-12-03 09:02:19,Approx. w-center algo1
198,1c:b9:c4:16:05:3c,Ariel_University,36,-78.0,32.104617359952364,35.209437597427666,695.5120296503743,2017-12-03 08:40:55,Approx. w-center algo1
199,1c:b9:c4:16:e8:f8,Ariel_University,11,-68.0,32.10421326331092,35.21124798960334,697.7203405358988,2017-12-03 08:51:51,Approx. w-center algo1
200,14:ae:db:cf:86:f5,Biren2809,11,-91.0,32.103147609584674,35.20814477182254,691.7941043072863,2017-12-03 08:37:42,Approx. w-center algo1
201,a0:4f:d4:3a:a0:e1,Cellcom-WiFi_0123,11,-89.0,32.102528187003614,35.20734570155965,700.1622738859833,2017-12-03 08:37:13,Approx. w-center algo1
202,00:27:22:f3:e2:f3, ,6,-81.0,32.105924522405914,35.21055874734606,688.6737904292652,2017-12-03 08:39:13,Approx. w-center algo1
203,1c:b9:c4:15:ed:bc,IT-MNG,48,-85.0,32.1034255,35.20978696,702.0,2017-12-03 09:07:13,Approx. w-center algo1
204,a0:8c:fd:0a:24:56,DIRECT-13-HP DeskJet 3630 series,6,-76.0,32.10381187627594,35.2094906767625,703.5042377536232,2017-12-03 09:05:45,Approx. w-center algo1
205,24:79:2a:2c:3d:68,Ariel_University,6,-85.0,32.10339539914512,35.208784193538825,699.0853653836789,2017-12-03 08:50:35,Approx. w-center algo1
206,1c:b9:c4:16:05:38,Ariel_University,11,-71.0,32.1046910526315,35.20991403500555,694.9376368155248,2017-12-03 08:50:01,Approx. w-center algo1
207,1c:b9:c4:14:62:48,Ariel_University,11,-69.0,32.10375691834044,35.209436542242386,696.8315528917884,2017-12-03 08:45:15,Approx. w-center algo1
208,1c:b9:c4:96:2b:e7, ,36,-89.0,32.10500618141325,35.21121884301277,710.7756189683926,2017-12-03 08:49:18,Approx. w-center algo1
209,1c:b9:c4:95:44:57, ,44,-75.0,32.10500097336687,35.21047477768118,710.7476613871767,2017-12-03 08:45:03,Approx. w-center algo1
210,1c:b9:c4:16:e8:fc,Ariel_University,36,-80.0,32.10415575294136,35.21103695836558,696.100390839485,2017-12-03 08:42:41,Approx. w-center algo1
211,8c:0c:90:ae:16:83, ,11,-79.0,32.10375365284102,35.20910164273734,704.401894517497,2017-12-03 08:45:30,Approx. w-center algo1
212,1c:b9:c4:15:34:bc,Ariel_University,36,-90.0,32.1049280958924,35.21028241262848,722.9373547253995,2017-12-03 08:45:06,Approx. w-center algo1
213,24:79:2a:2c:5b:dc,Ariel_University,36,-78.0,32.104142686249105,35.21002391316817,703.1484393235384,2017-12-03 08:41:01,Approx. w-center algo1
214,1c:b9:c4:96:06:b7, ,48,-71.0,32.10377640602972,35.21008430629888,706.2198169440267,2017-12-03 08:46:55,Approx. w-center algo1
215,ec:8c:a2:09:03:3c,Ariel_University,44,-77.0,32.10310231558724,35.207698037468575,691.9064470832453,2017-12-03 08:37:33,Approx. w-center algo1
216,00:1a:dd:f4:fc:64, ,1,-87.0,32.106211489963755,35.21194838735254,689.2763252871639,2017-12-03 08:39:19,Approx. w-center algo1
217,00:1a:dd:f5:e2:e4, ,8,-88.0,32.10468231924794,35.2099254343313,710.2256059369854,2017-12-03 08:45:00,Approx. w-center algo1
218,1c:b9:c4:14:2c:38,Ariel_University,6,-70.0,32.10275779741848,35.20984183755147,694.9082543115351,2017-12-03 09:04:20,Approx. w-center algo1
219,00:1a:dd:f4:fc:65,Afikim_Wifi,1,-90.0,32.106211489963755,35.21194838735254,689.2763252871639,2017-12-03 08:39:19,Approx. w-center algo1
220,e6:46:da:e4:84:c0,Aviramf phone,6,-87.0,32.10473074431384,35.20808401590763,689.6319853475801,2017-12-03 08:38:28,Approx. w-center algo1
221,00:1a:dd:f5:e2:e5,Afikim_Wifi,8,-81.0,32.10477222514299,35.21012821479474,702.7538803082398,2017-12-03 08:45:01,Approx. w-center algo1
222,1c:b9:c4:95:ed:37, ,36,-85.0,32.104180210701166,35.210971616382466,697.8335736441353,2017-12-03 08:42:38,Approx. w-center algo1
223,10:be:f5:36:02:e2,TOP-SECRET,8,-82.0,32.10614939016676,35.21138726608906,688.8993666020681,2017-12-03 08:39:13,Approx. w-center algo1
224,d8:fe:e3:03:5a:31,Moria,6,-78.0,32.10253058643105,35.2073073810576,699.7521498395156,2017-12-03 08:37:13,Approx. w-center algo1
225,1c:b9:c4:95:41:77, ,44,-77.0,32.104164383673286,35.2108876496702,704.5435791796842,2017-12-03 08:55:42,Approx. w-center algo1
226,8c:0c:90:2f:d3:d8,Ariel_University,11,-80.0,32.10450242754861,35.21095633191016,695.2145993359444,2017-12-03 08:42:35,Approx. w-center algo1
227,1c:b9:c4:96:06:e7, ,44,-89.0,32.106129976640474,35.21159973010257,689.0436342811676,2017-12-03 08:39:10,Approx. w-center algo1
228,1c:b9:c4:16:f4:78,Ariel_University,1,-71.0,32.102600953943416,35.20903622540281,694.6709443162424,2017-12-03 08:46:00,Approx. w-center algo1
229,00:02:6f:b8:c4:1a, ,11,-86.0,32.10398682674761,35.208972184356085,702.3784600290483,2017-12-03 08:50:20,Approx. w-center algo1
230,1c:b9:c4:15:1b:88,Ariel_University,11,-81.0,32.10208600104862,35.20928813919664,690.0247298147438,2017-12-03 08:50:52,Approx. w-center algo1
231,1c:b9:c4:15:ed:7c,Ariel_University,60,-83.0,32.10199115789806,35.20958210879809,691.3292746776632,2017-12-03 08:41:50,Approx. w-center algo1
232,ec:8c:a2:08:7a:1c,Ariel_University,44,-71.0,32.10349661289003,35.207792404900374,690.6301240378522,2017-12-03 08:37:58,Approx. w-center algo1
233,a0:8c:fd:0a:d5:f5,DIRECT-F4-HP DeskJet 3630 series,6,-70.0,32.10213233620311,35.209192760118185,694.882393120926,2017-12-03 08:46:15,Approx. w-center algo1
234,1c:b9:c4:15:41:78,Ariel_University,1,-73.0,32.10436743646048,35.21113946279665,699.2536022240447,2017-12-03 08:47:07,Approx. w-center algo1
235,1c:b9:c4:16:28:fc,Ariel_University,36,-78.0,32.10237157071022,35.208901795363175,701.5495691438813,2017-12-03 08:54:35,Approx. w-center algo1
236,f8:a9:d0:66:06:4d,Orange G2_4113,6,-81.0,32.10572050842588,35.2097599664662,688.5550300637956,2017-12-03 08:38:58,Approx. w-center algo1
237,1c:b9:c4:16:2d:ec,Ariel_University,36,-85.0,32.10493191549645,35.21025667401684,692.7030958914264,2017-12-03 08:40:49,Approx. w-center algo1
238,00:1a:dd:f5:df:c4, ,6,-89.0,32.10494482726751,35.210446896260514,717.6172124232385,2017-12-03 08:49:48,Approx. w-center algo1
239,00:1a:dd:f5:df:c5,Afikim_Wifi,6,-89.0,32.10488210412439,35.210373607684296,704.0554242419931,2017-12-03 08:49:56,Approx. w-center algo1
240,1c:b9:c4:95:1b:87, ,58,-89.0,32.10204840896786,35.209305441513706,690.6637923310731,2017-12-03 08:41:47,Approx. w-center algo1
241,ec:8c:a2:09:86:d8,Ariel_University,6,-92.0,32.103323385092075,35.20778662747971,690.7687922307229,2017-12-03 08:37:58,Approx. w-center algo1
242,1c:b9:c4:16:13:0c,Ariel_University,44,-89.0,32.10332614802254,35.20866418715774,692.4506545358308,2017-12-03 08:41:25,Approx. w-center algo1
243,1c:b9:c4:96:2d:e7, ,36,-83.0,32.10492987261436,35.21027044008996,708.8736268991172,2017-12-03 08:45:06,Approx. w-center algo1
244,1c:b9:c4:96:f4:77, ,36,-84.0,32.102821209609324,35.20819917827672,693.7210746575796,2017-12-03 08:41:34,Approx. w-center algo1
245,1c:b9:c4:16:2d:e8,Ariel_University,11,-77.0,32.10496117744306,35.21056453610048,691.0373017650509,2017-12-03 08:45:07,Approx. w-center algo1
246,14:ae:db:43:88:35,BEZEQINT-8831,6,-85.0,32.10251581558651,35.207339181669674,697.993173771496,2017-12-03 08:37:18,Approx. w-center algo1
247,1c:b9:c4:12:af:7c,Ariel_University,40,-76.0,32.102975182256614,35.20967918711385,697.3000448791336,2017-12-03 09:01:13,Approx. w-center algo1
248,14:ae:db:32:52:12,surikat,6,-89.0,32.10253330333696,35.20726399020641,699.287760530489,2017-12-03 08:37:10,Approx. w-center algo1
249,ec:8c:a2:26:d3:68,Ariel_University,11,-58.0,32.10420319919805,35.20913517033049,697.009993265412,2017-12-03 08:45:30,Approx. w-center algo1
250,1c:b9:c4:16:06:bc,Ariel_University,48,-67.0,32.10382473035436,35.21016529591107,706.2915398748777,2017-12-03 09:06:21,Approx. w-center algo1
251,00:1a:2f:7f:6b:70, ,13,-76.0,32.10555275971392,35.21020599182136,689.3608089551669,2017-12-03 08:38:58,Approx. w-center algo1
252,00:0d:f0:3e:fa:ca,Gateway,9,-87.0,32.106089276564596,35.21106968179408,688.7624378298848,2017-12-03 08:39:10,Approx. w-center algo1
253,1c:b9:c4:95:42:67, ,48,-90.0,32.105393533722584,35.21035937704057,690.5277389594698,2017-12-03 08:38:58,Approx. w-center algo1
254,24:79:2a:2c:61:68,Ariel_University,6,-83.0,32.104047109642735,35.21059905198306,696.7270599946686,2017-12-03 08:51:39,Approx. w-center algo1
255,1c:b9:c4:15:41:7c,Ariel_University,44,-78.0,32.10416345117808,35.2110012459743,696.2173923900879,2017-12-03 08:42:38,Approx. w-center algo1
256,1c:b9:c4:94:33:c7, ,48,-83.0,32.10296085254736,35.20883419348608,714.3703447936505,2017-12-03 08:45:57,Approx. w-center algo1
257,10:be:f5:3b:68:2c,Hagar,11,-87.0,32.102528187003614,35.20734570155965,700.1622738859833,2017-12-03 08:37:13,Approx. w-center algo1
258,1c:b9:c4:12:af:78,Ariel_University,11,-60.0,32.10334771384648,35.21000540346792,698.4657151087035,2017-12-03 09:08:14,Approx. w-center algo1
259,62:ab:1b:60:b4:cb,Bezeq Free,8,-79.0,32.10229150012595,35.20941406778017,696.4982250213513,2017-12-03 08:54:32,Approx. w-center algo1
260,1c:b9:c4:96:28:f7, ,36,-82.0,32.10242248031378,35.20871363230101,704.2728646362713,2017-12-03 08:50:49,Approx. w-center algo1
261,ec:8c:a2:88:7a:17, ,44,-71.0,32.10375939005184,35.207824304039484,690.4413487921157,2017-12-03 08:37:58,Approx. w-center algo1
262,ec:8c:a2:08:7a:18,Ariel_University,1,-71.0,32.10377787980504,35.20782590179721,690.4274628299759,2017-12-03 08:37:58,Approx. w-center algo1
263,1c:b9:c4:92:af:77, ,40,-83.0,32.1031242379023,35.20963378256423,698.5876172610194,2017-12-03 09:01:43,Approx. w-center algo1
264,1c:b9:c4:16:28:f8,Ariel_University,6,-73.0,32.10260038747911,35.20908297782424,690.3743628203089,2017-12-03 08:46:09,Approx. w-center algo1
265,1c:b9:c4:15:ed:4c,Ariel_University,44,-88.0,32.1048674859546,35.21138014652286,690.8633013150281,2017-12-03 08:40:34,Approx. w-center algo1
266,1c:b9:c4:16:28:e8,Ariel_University,1,-67.0,32.103657836504524,35.20878692381851,702.5219461505299,2017-12-03 08:50:23,Approx. w-center algo1
267,1c:b9:c4:15:42:68,Ariel_University,11,-79.0,32.10476614094432,35.21034427074933,690.6953216548268,2017-12-03 08:40:40,Approx. w-center algo1
268,a2:6c:ac:a0:7b:4d,Guest,11,-64.0,32.104677607751135,35.20988523877087,695.6775622451974,2017-12-03 08:45:13,Approx. w-center algo1
269,1c:b9:c4:16:06:ec,Ariel_University,44,-83.0,32.10604981378468,35.21091908466632,688.7622466266455,2017-12-03 08:39:13,Approx. w-center algo1
270,1c:b9:c4:96:cc:d7, ,36,-89.0,32.10400629568038,35.20897410789561,716.4196812362657,2017-12-03 08:45:33,Approx. w-center algo1
271,a0:ab:1b:59:55:54,ear,1,-85.0,32.10251814263996,35.20734901460898,698.9056862429085,2017-12-03 08:37:15,Approx. w-center algo1
272,1c:b9:c4:96:d2:87, ,44,-89.0,32.10297429619621,35.20769754582129,690.9460551220589,2017-12-03 08:37:45,Approx. w-center algo1
273,7e:ff:30:08:7f:bd,SETUP,11,-80.0,32.10241537,35.208865,688.0,2017-12-03 08:46:06,Approx. w-center algo1
274,a2:6c:ac:a0:7b:55,Guest,52,-73.0,32.10467787135877,35.209813449304924,708.6936298682328,2017-12-03 08:53:47,Approx. w-center algo1
275,30:e1:71:0f:a2:49,DIRECT-47-HP DeskJet 3630 series,6,-80.0,32.102638171561146,35.20987677611507,693.8391299561988,2017-12-03 08:46:33,Approx. w-center algo1
276,1c:b9:c4:16:06:e8,Ariel_University,11,-84.0,32.10584273376777,35.21021078186345,688.5965322405589,2017-12-03 08:39:01,Approx. w-center algo1
277,1c:b9:c4:14:33:c8,Ariel_University,11,-72.0,32.102593229213745,35.20914946296184,692.4780358428458,2017-12-03 08:51:01,Approx. w-center algo1
278,30:e1:71:0f:b2:6a,DIRECT-69-HP DeskJet 3630 series,6,-93.0,32.10497523,35.21118447,698.0,2017-12-03 08:49:32,Approx. w-center algo1
279,ec:8c:a2:26:b1:78,Ariel_University,1,-68.0,32.10254476119324,35.20884554733716,700.8042405610737,2017-12-03 08:50:40,Approx. w-center algo1
280,1c:b9:c4:16:13:08,Ariel_University,11,-80.0,32.10356596775584,35.20877573109439,697.2890669002472,2017-12-03 08:50:28,Approx. w-center algo1
281,1c:b9:c4:96:13:07, ,44,-91.0,32.10332614802254,35.20866418715774,692.4506545358308,2017-12-03 08:41:25,Approx. w-center algo1
282,1c:b9:c4:15:ed:78,Ariel_University,6,-74.0,32.10229387573215,35.20954708309181,698.7373783214325,2017-12-03 08:46:18,Approx. w-center algo1
283,1c:b9:c4:16:f4:7c,Ariel_University,36,-78.0,32.10271131567378,35.208140517112234,696.7252437521759,2017-12-03 08:46:00,Approx. w-center algo1
284,1c:b9:c4:16:28:ec,Ariel_University,36,-70.0,32.10377211927634,35.20885999731946,702.9172571043065,2017-12-03 08:41:19,Approx. w-center algo1
285,d8:5d:4c:9e:69:22,AUC_4_2_24,1,-75.0,32.10319110162641,35.20924847562003,700.552705808071,2017-12-03 09:03:09,Approx. w-center algo1
286,1c:b9:c4:15:3d:6c,Ariel_University,44,-87.0,32.10264502460317,35.209897806241734,696.5341776276562,2017-12-03 09:04:32,Approx. w-center algo1
287,30:e1:71:0d:e0:65,DIRECT-64-HP DeskJet 3630 series,6,-83.0,32.104195792901045,35.20912676733564,700.8868204723456,2017-12-03 08:54:02,Approx. w-center algo1
288,c2:6c:ac:9f:fb:27,shapedo,36,-89.0,32.10489300606392,35.20928224839672,690.7435731036957,2017-12-03 08:41:04,Approx. w-center algo1
289,30:e1:71:0d:e0:63,DIRECT-61-HP DeskJet 3630 series,6,-79.0,32.103471198035294,35.209580713569906,701.3552995474666,2017-12-03 09:05:27,Approx. w-center algo1
290,90:6c:ac:a0:60:55,Guest,36,-82.0,32.10465583147739,35.209799109729424,721.9074685803262,2017-12-03 08:53:47,Approx. w-center algo1
291,a2:6c:ac:a0:3d:eb,giftwizard,3,-72.0,32.103777919173986,35.20942332054323,700.3527649129138,2017-12-03 08:45:36,Approx. w-center algo1
292,30:e1:71:0d:e0:67,DIRECT-66-HP DeskJet 3630 series,6,-83.0,32.10455252,35.2096924,689.0,2017-12-03 08:50:04,Approx. w-center algo1
293,00:12:2a:39:2c:3c,netbox-550b,1,-86.0,32.10251814263996,35.20734901460898,698.9056862429085,2017-12-03 08:37:15,Approx. w-center algo1
294,1c:b9:c4:16:d2:88,Ariel_University,11,-77.0,32.103218095079946,35.2089675948126,694.1027751923639,2017-12-03 08:50:31,Approx. w-center algo1
295,1c:b9:c4:14:2f:a8,Ariel_University,1,-87.0,32.10591114100764,35.21043701631978,688.6622483231179,2017-12-03 08:39:10,Approx. w-center algo1
296,38:a2:8c:02:e7:6e,SAMSONIX ML_003,6,-91.0,32.10500248118355,35.210472263787054,692.7188464192927,2017-12-03 08:40:46,Approx. w-center algo1
297,00:11:6b:11:02:b7,yosh,1,-84.0,32.10243136114688,35.209745133159124,691.2324346474669,2017-12-03 08:46:18,Approx. w-center algo1
298,00:21:04:4c:2a:a2,Yan,6,-89.0,32.102528187003614,35.20734570155965,700.1622738859833,2017-12-03 08:37:13,Approx. w-center algo1
299,ac:83:f3:b2:00:e9,SAMSONIX R500-e-09,1,-84.0,32.10500248118355,35.210472263787054,692.7188464192927,2017-12-03 08:40:46,Approx. w-center algo1
300,1c:b9:c4:16:cc:d8,Ariel_University,1,-83.0,32.10417409535365,35.20908661069742,691.6582550631983,2017-12-03 08:41:07,Approx. w-center algo1
301,c2:6c:ac:9f:fb:1f,shapedo,1,-67.0,32.104453754719245,35.20962524895246,689.0950557127331,2017-12-03 08:50:01,Approx. w-center algo1
302,90:6c:ac:a0:60:4d,Guest,1,-72.0,32.10462255556327,35.20977542687116,689.1632024869866,2017-12-03 08:40:58,Approx. w-center algo1
303,1c:b9:c4:16:cc:dc,Ariel_University,36,-90.0,32.1037453613347,35.208747637130664,692.9018041152,2017-12-03 08:41:16,Approx. w-center algo1
304,34:8f:27:a0:89:b7, ,44,-89.0,32.104466966368285,35.20942986183025,692.9030486088649,2017-12-03 08:41:01,Approx. w-center algo1
305,24:79:2a:2b:bd:88,Ariel_University,11,-74.0,32.103812563145254,35.21017502564064,701.991605597505,2017-12-03 09:06:31,Approx. w-center algo1
306,00:25:86:cc:07:b2,KCG_54,2,-87.0,32.10410016147078,35.20842792478725,703.2732684202417,2017-12-03 08:38:19,Approx. w-center algo1
307,1c:b9:c4:16:d2:8c,Ariel_University,44,-83.0,32.10296980984468,35.20850441946028,697.1044591094973,2017-12-03 08:41:25,Approx. w-center algo1
308,00:11:6b:2a:90:3c,Cartiheal,11,-73.0,32.10492080273792,35.20973323805968,703.1072222548489,2017-12-03 08:45:12,Approx. w-center algo1
309,c4:12:f5:fd:6a:74,mati-sh1,9,-85.0,32.10483384066018,35.21004948359021,692.7415284537185,2017-12-03 08:40:52,Approx. w-center algo1
310,80:37:73:d7:ab:3a,Hoom_2.4,1,-88.0,32.10246378160256,35.207563401001366,694.129943277534,2017-12-03 08:37:30,Approx. w-center algo1
311,3c:52:82:ef:a4:8b,DIRECT-8A-HP DeskJet 3630 series,6,-80.0,32.10377344097352,35.21013482043957,699.0985950915649,2017-12-03 09:05:57,Approx. w-center algo1
312,1c:b9:c4:15:20:38,Ariel_University,11,-82.0,32.1048194748832,35.21014193535791,697.8852428165849,2017-12-03 08:53:44,Approx. w-center algo1
313,1c:b9:c4:15:1b:8c,Ariel_University,58,-87.0,32.10202729086905,35.20947062720155,690.8338172894856,2017-12-03 08:50:55,Approx. w-center algo1
314,00:11:6b:11:7d:c7,yosh,13,-84.0,32.104857131453684,35.21021681672399,709.8314147990669,2017-12-03 08:53:38,Approx. w-center algo1
315,ec:9b:f3:26:ab:3a,SGH-I337M,6,-79.0,32.10280900493249,35.208211488627946,697.7819011513628,2017-12-03 08:37:45,Approx. w-center algo1
316,1c:b9:c4:15:fd:48,Ariel_University,1,-78.0,32.1036960307236,35.20938219156569,699.02817183511,2017-12-03 08:50:19,Approx. w-center algo1
317,ec:8c:a2:08:7b:88,Ariel_University,1,-77.0,32.10395115783471,35.20786377093516,690.3267397654319,2017-12-03 08:38:16,Approx. w-center algo1
318,1c:b9:c4:92:90:b7, ,40,-83.0,32.103074863333624,35.20912759493662,712.3984014019243,2017-12-03 08:45:51,Approx. w-center algo1
319,d0:d4:12:68:5b:ca,klyn,1,-95.0,32.1020859,35.20993739,692.0,2017-12-03 08:46:24,Approx. w-center algo1
320,1c:b9:c4:94:30:07, ,36,-84.0,32.10506214894986,35.21071549460977,692.6868607099875,2017-12-03 08:40:43,Approx. w-center algo1
321,00:27:19:e3:2d:fe,AUC_51_3,1,-86.0,32.10253330333696,35.20726399020641,699.287760530489,2017-12-03 08:37:10,Approx. w-center algo1
322,1c:b9:c4:96:f1:97, ,60,-83.0,32.10229102378868,35.2089337877798,699.6054525699565,2017-12-03 08:46:10,Approx. w-center algo1
323,ec:8c:a2:08:78:3c,Ariel_University,40,-89.0,32.10317578496331,35.2077533608269,690.8658803245012,2017-12-03 08:37:52,Approx. w-center algo1
324,00:27:22:f3:bb:86, ,6,-81.0,32.10375725007887,35.20784015835278,690.4441102635042,2017-12-03 08:38:16,Approx. w-center algo1
325,8c:0c:90:2d:75:e8,Ariel_University,1,-76.0,32.102770605944244,35.209106926899075,693.4406560089154,2017-12-03 08:41:31,Approx. w-center algo1
326,14:ae:db:cb:05:f5,Mama,11,-90.0,32.102458386443125,35.20743113335047,694.8881937656644,2017-12-03 08:37:27,Approx. w-center algo1
327,84:c9:b2:b7:c8:2d,Bezeq,6,-82.0,32.10258120582479,35.20997250602207,698.0276205515277,2017-12-03 08:46:24,Approx. w-center algo1
328,1c:b9:c4:15:ec:38,Ariel_University,6,-67.0,32.10307759929191,35.209822197444346,696.3237416917867,2017-12-03 09:03:58,Approx. w-center algo1
329,1c:b9:c4:16:1d:78,Ariel_University,1,-76.0,32.10389983863791,35.20924239010421,701.2910718327688,2017-12-03 08:50:19,Approx. w-center algo1
330,1c:b9:c4:15:1e:6c,Ariel_University,36,-89.0,32.10251278681855,35.20963302577492,693.2846435046687,2017-12-03 08:41:50,Approx. w-center algo1
331,10:0d:7f:7c:90:0a,Malibu,11,-91.0,32.1020859,35.20993739,692.0,2017-12-03 08:46:24,Approx. w-center algo1
332,1c:b9:c4:55:fd:e8,Ariel_University,11,-83.0,32.10516494024965,35.211473619123694,700.2720253384917,2017-12-03 08:39:40,Approx. w-center algo1
333,1c:b9:c4:15:44:5c,Ariel_University,44,-73.0,32.10492944314507,35.21036102366028,706.1539739448493,2017-12-03 08:45:03,Approx. w-center algo1
334,ec:8c:a2:08:7b:8c,Ariel_University,40,-68.0,32.10367906044158,35.207828224059384,690.5042269400622,2017-12-03 08:38:16,Approx. w-center algo1
335,1c:b9:c4:96:11:a7, ,44,-86.0,32.10238098950909,35.209258389193515,702.8754790886982,2017-12-03 08:54:29,Approx. w-center algo1
336,a0:4f:d4:46:a9:e1,richman,11,-92.0,32.103254567862166,35.20776621667453,690.8153989055744,2017-12-03 08:37:55,Approx. w-center algo1
337,a2:6c:ac:9f:fb:1f,Neuropplied,1,-69.0,32.10466325981529,35.20987986372185,695.4692734619161,2017-12-03 08:50:01,Approx. w-center algo1
338,24:79:2a:2c:5c:1c,Ariel_University,36,-76.0,32.103807998636846,35.21015332723746,707.2625708373013,2017-12-03 09:06:35,Approx. w-center algo1
339,1c:b9:c4:95:3d:57, ,36,-82.0,32.1020008074778,35.20968340420071,700.0010789254476,2017-12-03 08:46:18,Approx. w-center algo1
340,1c:b9:c4:15:1e:68,Ariel_University,1,-81.0,32.10278632707773,35.21004340984831,691.9949333248929,2017-12-03 08:42:02,Approx. w-center algo1
341,1c:b9:c4:92:7c:c7, ,36,-82.0,32.10290082863347,35.20885512897605,691.8458350165492,2017-12-03 08:41:25,Approx. w-center algo1
342,1c:b9:c4:96:ee:97, ,36,-91.0,32.102828942569055,35.20990359456348,712.964955332782,2017-12-03 08:46:34,Approx. w-center algo1
343,ec:8c:a2:89:03:37, ,44,-77.0,32.10309570760303,35.20769665213842,691.9218910832049,2017-12-03 08:37:33,Approx. w-center algo1
344,1c:b9:c4:16:1d:7c,Ariel_University,44,-82.0,32.10380222483328,35.20943242378063,710.3086401521953,2017-12-03 08:45:36,Approx. w-center algo1
345,a2:6c:ac:9f:fb:27,Neuropplied,36,-88.0,32.104892803076424,35.2092822465669,690.7444350267791,2017-12-03 08:41:04,Approx. w-center algo1
346,24:79:2a:2b:07:bc,Ariel_University,36,-87.0,32.10384306889388,35.210176057657876,702.88736051609,2017-12-03 09:06:31,Approx. w-center algo1
347,24:79:2a:2b:07:b8,Ariel_University,11,-80.0,32.10380270114714,35.21015452322491,702.0523943814188,2017-12-03 09:06:35,Approx. w-center algo1
348,a0:8c:fd:8c:79:6f,DIRECT-6E-HP DeskJet 3630 series,6,-86.0,32.104510237697276,35.20956264842609,690.9289640836059,2017-12-03 08:50:04,Approx. w-center algo1
349,3c:1e:04:05:5f:f5,BezeqNGN_009030_2.4GHz_1,1,-92.0,32.10427768945722,35.21140688710281,701.7264123572375,2017-12-03 08:55:48,Approx. w-center algo1
350,8c:0c:90:2d:34:38,Ariel_University,11,-75.0,32.1040782037124,35.21069042172931,696.4326713867215,2017-12-03 08:51:42,Approx. w-center algo1
351,24:79:2a:ac:5c:17, ,36,-91.0,32.103986543611605,35.21044402294606,705.1048860032018,2017-12-03 08:51:36,Approx. w-center algo1
352,ec:8c:a2:88:79:a7, ,36,-83.0,32.10490479074945,35.211247446727874,697.4311692397619,2017-12-03 08:42:59,Approx. w-center algo1
353,1c:b9:c4:95:3d:67, ,44,-88.0,32.10263051540787,35.21002970756891,712.9572535195944,2017-12-03 08:46:31,Approx. w-center algo1
354,ec:8c:a2:09:8c:3c,Ariel_University,44,-88.0,32.10353355128237,35.20781291804855,690.5795129917332,2017-12-03 08:38:10,Approx. w-center algo1
355,90:6c:ac:a0:18:29,Guest,6,-77.0,32.1035031940565,35.20927794257738,696.0844933060094,2017-12-03 08:50:07,Approx. w-center algo1
356,1c:b9:c4:15:44:88,Ariel_University,6,-72.0,32.104632923999304,35.21132633559521,694.1890036629521,2017-12-03 08:48:02,Approx. w-center algo1
357,a2:6c:ac:9f:f1:c5,Guest,2,-76.0,32.10435442695987,35.20935854287351,703.3204883399741,2017-12-03 08:50:04,Approx. w-center algo1
358,90:8d:78:54:6b:4d,Salomon,1,-85.0,32.10460374739836,35.209807565289076,701.4256799553584,2017-12-03 08:45:22,Approx. w-center algo1
359,a0:8c:fd:8c:c5:b2,DIRECT-98-HP DeskJet 3630 series,6,-92.0,32.10497406,35.2111867,696.0,2017-12-03 08:49:29,Approx. w-center algo1
360,8c:0c:90:2e:e8:18,Ariel_University,6,-60.0,32.104126557683216,35.210846850895265,699.4895280437836,2017-12-03 08:51:45,Approx. w-center algo1
361,ec:8c:a2:08:78:38,Ariel_University,1,-81.0,32.103323385092075,35.20778662747971,690.7687922307229,2017-12-03 08:37:58,Approx. w-center algo1
362,00:27:22:f3:e0:83, ,1,-88.0,32.10473074431384,35.20808401590763,689.6319853475801,2017-12-03 08:38:28,Approx. w-center algo1
363,34:8f:27:20:8c:18,Ariel_University,6,-86.0,32.10287513710924,35.20909666960022,693.7861545185115,2017-12-03 08:41:28,Approx. w-center algo1
364,1c:b9:c4:94:30:37, ,44,-81.0,32.10297855091711,35.209689577361985,699.0312381494077,2017-12-03 09:03:58,Approx. w-center algo1
365,ec:8c:a2:0a:08:b8,Ariel_University,6,-89.0,32.10371440835981,35.2078263595938,690.4758805974767,2017-12-03 08:38:13,Approx. w-center algo1
366,1c:b9:c4:15:44:8c,Ariel_University,36,-87.0,32.10473150718274,35.211193917522,695.551073827083,2017-12-03 08:42:47,Approx. w-center algo1
367,ec:8c:a2:89:0c:c7, ,44,-86.0,32.10342051137385,35.20780552775216,690.6874448611455,2017-12-03 08:38:04,Approx. w-center algo1
368,60:e3:27:7b:e0:98,HelpDesk,4,-79.0,32.103946584742125,35.21002476215528,700.6934472571063,2017-12-03 09:06:31,Approx. w-center algo1
369,08:ed:b9:3d:8f:4b,HP-Print-4b-LaserJet 400,6,-89.0,32.1049280958924,35.21028241262848,722.9373547253995,2017-12-03 08:45:06,Approx. w-center algo1
370,10:be:f5:a7:b4:f4,Home,7,-87.0,32.10251814263996,35.20734901460898,698.9056862429085,2017-12-03 08:37:15,Approx. w-center algo1
371,f0:b0:52:3e:d6:f8,Ariel_University,11,-86.0,32.10473074431384,35.20808401590763,689.6319853475801,2017-12-03 08:38:28,Approx. w-center algo1
372,24:79:2a:ab:bd:87, ,44,-84.0,32.10379296292741,35.2100937127936,703.0188089055943,2017-12-03 09:06:21,Approx. w-center algo1
373,ec:8c:a2:26:ae:28,Ariel_University,11,-88.0,32.103254567862166,35.20776621667453,690.8153989055744,2017-12-03 08:37:55,Approx. w-center algo1
374,1c:b9:c4:15:42:6c,Ariel_University,48,-86.0,32.105382326454894,35.210379922222494,690.5953548222516,2017-12-03 08:40:40,Approx. w-center algo1
375,8c:0c:90:ad:75:e3, ,1,-79.0,32.10316859783213,35.20879221167606,703.647382162125,2017-12-03 08:45:54,Approx. w-center algo1
376,14:ae:db:4f:50:75,GuyEmily,6,-85.0,32.10219394918968,35.21000358431366,700.9890867525717,2017-12-03 08:46:27,Approx. w-center algo1
377,ec:8c:a2:09:8c:38,Ariel_University,1,-80.0,32.10353355128237,35.20781291804855,690.5795129917332,2017-12-03 08:38:10,Approx. w-center algo1
378,1c:b9:c4:94:62:47, ,36,-79.0,32.10457102888188,35.209608501213296,692.8918490649098,2017-12-03 08:40:58,Approx. w-center algo1
379,1c:b9:c4:14:2f:6c,Ariel_University,36,-76.0,32.10263474546557,35.20893994700708,690.5293943929987,2017-12-03 08:41:34,Approx. w-center algo1
380,18:d6:c7:ad:25:1a, ,13,-89.0,32.10494482726751,35.210446896260514,717.6172124232385,2017-12-03 08:49:48,Approx. w-center algo1
381,c4:12:f5:f6:a0:18,lab_6.1.3,3,-72.0,32.10256941895993,35.20997179172782,695.1230382033555,2017-12-03 09:08:57,Approx. w-center algo1
382,1c:b9:c4:14:2b:cc,Ariel_University,36,-79.0,32.10504392751344,35.21106960662548,702.0456994786932,2017-12-03 08:44:55,Approx. w-center algo1
383,1c:b9:c4:15:ed:48,Ariel_University,1,-78.0,32.104795886035966,35.21142800662697,691.40235069249,2017-12-03 08:40:34,Approx. w-center algo1
384,00:27:22:f3:a6:9a, ,6,-85.0,32.105801846979396,35.21010479765049,688.5497026939919,2017-12-03 08:38:55,Approx. w-center algo1
385,ec:8c:a2:08:77:48,Ariel_University,6,-88.0,32.102861507686676,35.2076291986019,691.1036071541976,2017-12-03 08:37:42,Approx. w-center algo1
386,1c:b9:c4:16:2b:ec,Ariel_University,36,-91.0,32.105083845149835,35.21105176968496,723.7793960780249,2017-12-03 08:44:54,Approx. w-center algo1
387,1c:b9:c4:95:36:97, ,36,-86.0,32.105028069933155,35.210961717985285,733.9581295039463,2017-12-03 08:53:26,Approx. w-center algo1
388,ec:8c:a2:88:78:c7, ,48,-82.0,32.103218438334075,35.20895591989746,694.2303369819643,2017-12-03 08:57:50,Approx. w-center algo1
389,1c:b9:c4:15:1c:b8,Ariel_University,1,-75.0,32.10362742605507,35.20942786302367,702.2091647155692,2017-12-03 09:07:13,Approx. w-center algo1
390,1c:b9:c4:56:cd:18,Ariel_University,1,-75.0,32.105755717208204,35.21206208631172,690.4771826394856,2017-12-03 08:39:31,Approx. w-center algo1
391,1c:b9:c4:15:ed:3c,Ariel_University,36,-82.0,32.10414685341135,35.210800777058985,704.4425966317007,2017-12-03 08:47:07,Approx. w-center algo1
392,1c:b9:c4:96:f4:27, ,44,-88.0,32.10250943981619,35.20909891571277,691.7725879235369,2017-12-03 08:41:31,Approx. w-center algo1
393,1c:b9:c4:14:2b:dc,Ariel_University,36,-69.0,32.10217803903876,35.20935507911809,696.8465232647834,2017-12-03 08:46:13,Approx. w-center algo1
394,f8:d1:11:77:77:c6,HelpDesk,4,-70.0,32.102917725502465,35.20877020402067,690.8481706586514,2017-12-03 08:41:31,Approx. w-center algo1
395,c2:6c:ac:a0:7b:55,outsense,52,-73.0,32.10466943236544,35.209824592427005,701.9303296677488,2017-12-03 08:53:47,Approx. w-center algo1
396,1c:b9:c4:15:ec:3c,Ariel_University,36,-78.0,32.102966652510524,35.20967465253963,699.7362750892721,2017-12-03 09:04:04,Approx. w-center algo1
397,1c:b9:c4:16:ed:38,Ariel_University,6,-62.0,32.1033277396487,35.21003236173295,698.0329926580237,2017-12-03 09:08:21,Approx. w-center algo1
398,08:97:58:32:a6:3e,NIPPON_2516,3,-73.0,32.10572050842588,35.2097599664662,688.5550300637956,2017-12-03 08:38:58,Approx. w-center algo1
399,1c:b9:c4:16:06:b8,Ariel_University,11,-63.0,32.10379566542929,35.21013517688313,707.1074486039314,2017-12-03 09:06:35,Approx. w-center algo1
400,24:79:2a:ab:24:97, ,36,-86.0,32.10406637837736,35.21063207786472,704.8039142370221,2017-12-03 08:51:39,Approx. w-center algo1
401,1c:b9:c4:15:fd:4c,Ariel_University,36,-88.0,32.10412578208491,35.2093988404085,707.6104208880167,2017-12-03 08:41:07,Approx. w-center algo1
402,58:70:c6:00:d0:f1,YICarCam_00d0f1,6,-84.0,32.10577582600903,35.20997089589932,688.5217353450139,2017-12-03 08:39:04,Approx. w-center algo1
403,1c:b9:c4:96:04:77, ,60,-86.0,32.10204989920807,35.20981699968769,691.9252951056196,2017-12-03 08:41:53,Approx. w-center algo1
404,ec:8c:a2:26:b0:58,Ariel_University,6,-84.0,32.103323385092075,35.20778662747971,690.7687922307229,2017-12-03 08:37:58,Approx. w-center algo1
405,1c:b9:c4:96:e8:f7, ,36,-81.0,32.10417631742747,35.21102625078787,700.3305528836256,2017-12-03 08:47:12,Approx. w-center algo1
406,8c:0c:90:2f:ca:18,Ariel_University,1,-87.0,32.10386009727099,35.20889523702908,715.6639357440854,2017-12-03 08:45:36,Approx. w-center algo1
407,b2:6c:ac:a0:18:29,restore,6,-81.0,32.103787136097495,35.20911580024808,687.9518351951255,2017-12-03 08:45:22,Approx. w-center algo1
408,1c:b9:c4:15:44:58,Ariel_University,11,-67.0,32.10495410645636,35.21055107398168,707.7397523099409,2017-12-03 08:45:04,Approx. w-center algo1
409,1c:b9:c4:16:2b:e8,Ariel_University,6,-83.0,32.10471325016142,35.210635644174715,691.3395279924579,2017-12-03 08:57:43,Approx. w-center algo1
410,1c:b9:c4:15:ed:38,Ariel_University,6,-75.0,32.104086280764534,35.21086948175609,699.8973273487431,2017-12-03 08:51:45,Approx. w-center algo1
411,c2:6c:ac:a0:7b:4d,outsense,11,-63.0,32.10471708776023,35.20997097945457,694.0521425818549,2017-12-03 08:45:13,Approx. w-center algo1
412,24:79:2a:2c:5c:18,Ariel_University,11,-65.0,32.103932497390254,35.21049479300203,700.7919796306862,2017-12-03 09:06:35,Approx. w-center algo1
413,1c:b9:c4:94:2c:37, ,52,-74.0,32.10273247579181,35.20985935941212,700.6765495004639,2017-12-03 09:09:38,Approx. w-center algo1
