Number,MAC,SSID,Frequency,Signal,LAT,LON,ALT,Time,Aprrox. w-center Algo1
1,00:1a:dd:e3:06:e4,afikim-wifi,2412,-78.0,32.102529803081474,35.2073198916877,699.8860444903257,2017-12-03 08:37:10,Aprrox. w-center Algo1
2,d8:fe:e3:03:5a:31,Moria,2437,-83.0,32.10253058643105,35.2073073810576,699.7521498395156,2017-12-03 08:37:10,Aprrox. w-center Algo1
3,00:27:19:e3:2d:fe,AUC_51_3,2412,-86.0,32.10253330333696,35.20726399020641,699.287760530489,2017-12-03 08:37:10,Aprrox. w-center Algo1
4,00:25:86:cc:00:f8,AUC_54_R,2432,-86.0,32.10365113349192,35.20818644933491,693.5284770660687,2017-12-03 08:37:10,Aprrox. w-center Algo1
5,14:ae:db:32:52:12,surikat,2437,-89.0,32.10253330333696,35.20726399020641,699.287760530489,2017-12-03 08:37:10,Aprrox. w-center Algo1
6,1c:b9:c4:16:f1:98,Ariel_University,2462,-90.0,32.10241705106684,35.20907104239622,696.5579961466481,2017-12-03 08:37:10,Aprrox. w-center Algo1
7,34:0b:01:19:21:42,afikim-wifi,2442,-91.0,32.10253330333696,35.20726399020641,699.287760530489,2017-12-03 08:37:10,Aprrox. w-center Algo1
8,a0:4f:d4:3b:e9:01,Lidor a,2437,-84.0,32.102528187003614,35.20734570155965,700.1622738859833,2017-12-03 08:37:13,Aprrox. w-center Algo1
9,14:ae:db:3a:64:05,tanya,2412,-86.0,32.102528187003614,35.20734570155965,700.1622738859833,2017-12-03 08:37:13,Aprrox. w-center Algo1
10,10:be:f5:3b:68:2c,Hagar,2462,-87.0,32.102528187003614,35.20734570155965,700.1622738859833,2017-12-03 08:37:13,Aprrox. w-center Algo1
11,1c:b9:c4:16:f4:7c,Ariel_University,5180,-91.0,32.10292299307286,35.20906740670732,701.3617440757951,2017-12-03 08:46:19,Aprrox. w-center Algo1
12,ec:8c:a2:08:a9:38,Ariel_University,2437,-88.0,32.10276968784859,35.207536172161696,695.1730814282531,2017-12-03 08:37:13,Aprrox. w-center Algo1
13,00:21:04:4c:2a:a2,Yan,2437,-89.0,32.102528187003614,35.20734570155965,700.1622738859833,2017-12-03 08:37:13,Aprrox. w-center Algo1
14,a0:4f:d4:3a:a0:e1,Cellcom-WiFi_0123,2462,-89.0,32.102528187003614,35.20734570155965,700.1622738859833,2017-12-03 08:37:13,Aprrox. w-center Algo1
15,ec:8c:a2:08:94:1c,Ariel_University,5220,-91.0,32.10309001180005,35.20868108594463,701.389314977083,2017-12-03 08:50:20,Aprrox. w-center Algo1
16,ec:8c:a2:08:94:18,Ariel_University,2412,-88.0,32.10292104843761,35.2089983886386,692.0885428372382,2017-12-03 08:54:44,Aprrox. w-center Algo1
17,d0:0f:6d:f1:35:2f,Sveta,2427,-85.0,32.10251814263996,35.20734901460898,698.9056862429085,2017-12-03 08:37:15,Aprrox. w-center Algo1
18,a0:ab:1b:59:55:54,ear,2412,-85.0,32.10251814263996,35.20734901460898,698.9056862429085,2017-12-03 08:37:15,Aprrox. w-center Algo1
19,b0:48:7a:a1:80:8c,Knoch,2427,-86.0,32.10251814263996,35.20734901460898,698.9056862429085,2017-12-03 08:37:15,Aprrox. w-center Algo1
20,10:be:f5:39:8f:f2,LARISA,2422,-86.0,32.10251814263996,35.20734901460898,698.9056862429085,2017-12-03 08:37:15,Aprrox. w-center Algo1
21,00:12:2a:39:2c:3c,netbox-550b,2412,-86.0,32.10251814263996,35.20734901460898,698.9056862429085,2017-12-03 08:37:15,Aprrox. w-center Algo1
22,10:be:f5:a7:b4:f4,Home,2442,-87.0,32.10251814263996,35.20734901460898,698.9056862429085,2017-12-03 08:37:15,Aprrox. w-center Algo1
23,1c:b9:c4:96:f1:97, ,5300,-88.0,32.10229102378868,35.2089337877798,699.6054525699566,2017-12-03 08:37:15,Aprrox. w-center Algo1
24,ec:8c:a2:08:78:cc,Ariel_University,5240,-91.0,32.10335878311027,35.20870015763682,708.7927276449859,2017-12-03 08:46:03,Aprrox. w-center Algo1
25,1c:b9:c4:16:d2:88,Ariel_University,2462,-92.0,32.10321170797197,35.20872983002249,699.4697658569372,2017-12-03 08:37:15,Aprrox. w-center Algo1
26,14:ae:db:43:88:35,BEZEQINT-8831,2437,-85.0,32.10251581558651,35.207339181669674,697.993173771496,2017-12-03 08:37:18,Aprrox. w-center Algo1
27,ec:8c:a2:09:03:38,Ariel_University,2412,-85.0,32.10281447386213,35.20758104767403,693.2074095942437,2017-12-03 08:37:18,Aprrox. w-center Algo1
28,1c:b9:c4:14:33:c8,Ariel_University,2462,-90.0,32.102717815918716,35.20875975736715,692.9663704254782,2017-12-03 08:37:18,Aprrox. w-center Algo1
29,1c:b9:c4:96:28:f7, ,5180,-92.0,32.10242248031378,35.20871363230101,704.2728646362713,2017-12-03 08:45:57,Aprrox. w-center Algo1
30,1c:b9:c4:96:f4:77, ,5180,-89.0,32.10282120960932,35.20819917827672,693.7210746575796,2017-12-03 08:41:28,Aprrox. w-center Algo1
31,ec:8c:a2:88:94:17, ,5220,-89.0,32.10295615016013,35.208563541255366,702.3137027422761,2017-12-03 08:50:48,Aprrox. w-center Algo1
32,00:8c:54:90:ce:d1,victoria,2462,-89.0,32.10251743683182,35.2073387273908,695.5775665899107,2017-12-03 08:37:24,Aprrox. w-center Algo1
33,ec:8c:a2:08:78:c8,Ariel_University,2437,-91.0,32.10293897376295,35.20873357187964,695.6633516858249,2017-12-03 08:54:29,Aprrox. w-center Algo1
34,06:ae:db:3a:64:05,BezeqFree,2412,-84.0,32.102458386443125,35.20743113335047,694.8881937656644,2017-12-03 08:37:27,Aprrox. w-center Algo1
35,1c:b9:c4:14:33:cc,Ariel_University,5240,-90.0,32.10246892407857,35.20892588427658,701.7685980600205,2017-12-03 08:46:19,Aprrox. w-center Algo1
36,14:ae:db:cb:05:f5,Mama,2462,-90.0,32.102458386443125,35.20743113335047,694.8881937656644,2017-12-03 08:37:27,Aprrox. w-center Algo1
37,ec:9b:f3:26:ab:3a,SGH-I337M,2437,-92.0,32.10280900493248,35.208211488627946,697.7819011513628,2017-12-03 08:37:27,Aprrox. w-center Algo1
38,80:37:73:d7:ab:3a,Hoom_2.4,2412,-88.0,32.10246378160256,35.207563401001366,694.129943277534,2017-12-03 08:37:30,Aprrox. w-center Algo1
39,ec:8c:a2:89:03:37, ,5220,-85.0,32.10309570760303,35.20769665213842,691.9218910832049,2017-12-03 08:38:13,Aprrox. w-center Algo1
40,ec:8c:a2:09:03:3c,Ariel_University,5220,-84.0,32.10310231558724,35.207698037468575,691.9064470832453,2017-12-03 08:38:13,Aprrox. w-center Algo1
41,1c:b9:c4:16:d2:8c,Ariel_University,5220,-91.0,32.1032633068178,35.208704009391674,706.5972619965181,2017-12-03 08:45:39,Aprrox. w-center Algo1
42,14:ae:db:58:0d:6d,__ery,2462,-91.0,32.10258798763252,35.20759021123835,693.1085203108703,2017-12-03 08:37:33,Aprrox. w-center Algo1
43,cc:fa:00:ae:93:46,bezek freeee,2437,-86.0,32.10263460161589,35.20757686137406,692.0341048029707,2017-12-03 08:37:36,Aprrox. w-center Algo1
44,00:0e:f4:c1:50:14,vladimir,2462,-92.0,32.10263460161589,35.20757686137406,692.0341048029708,2017-12-03 08:37:36,Aprrox. w-center Algo1
45,ec:8c:a2:08:a9:3c,Ariel_University,5180,-90.0,32.10294522725105,35.20767327460506,691.0835484362619,2017-12-03 08:37:39,Aprrox. w-center Algo1
46,1c:b9:c4:16:28:f8,Ariel_University,2437,-91.0,32.10275032503879,35.20894605821239,696.4232288674488,2017-12-03 08:37:39,Aprrox. w-center Algo1
47,a4:08:f5:20:72:6a,HOTFiber-3C40,2412,-87.0,32.102861507686676,35.2076291986019,691.1036071541976,2017-12-03 08:37:42,Aprrox. w-center Algo1
48,ec:8c:a2:08:77:48,Ariel_University,2437,-88.0,32.102861507686676,35.2076291986019,691.1036071541976,2017-12-03 08:37:42,Aprrox. w-center Algo1
49,14:ae:db:cf:86:f5,Biren2809,2462,-92.0,32.103147609584674,35.20814477182254,691.7941043072863,2017-12-03 08:41:22,Aprrox. w-center Algo1
50,1c:b9:c4:16:f4:78,Ariel_University,2412,-88.0,32.102902326926845,35.20891379545853,698.267876857363,2017-12-03 08:55:26,Aprrox. w-center Algo1
51,1c:b9:c4:96:d2:87, ,5220,-89.0,32.10297429619621,35.20769754582129,690.9460551220589,2017-12-03 08:37:45,Aprrox. w-center Algo1
52,ec:8c:a2:09:93:b8,Ariel_University,2462,-90.0,32.10297429619621,35.20769754582129,690.9460551220589,2017-12-03 08:37:45,Aprrox. w-center Algo1
53,ec:8c:a2:08:7a:1c,Ariel_University,5220,-89.0,32.103496612890034,35.207792404900374,690.6301240378523,2017-12-03 08:37:49,Aprrox. w-center Algo1
54,ec:8c:a2:08:a9:28,Ariel_University,2462,-90.0,32.10361868733056,35.207816709365744,690.5070726021236,2017-12-03 08:38:25,Aprrox. w-center Algo1
55,ec:8c:a2:09:0c:cc,Ariel_University,5220,-88.0,32.10321891949164,35.2077603995489,690.8382411765818,2017-12-03 08:37:52,Aprrox. w-center Algo1
56,ec:8c:a2:08:78:3c,Ariel_University,5200,-89.0,32.10317578496331,35.2077533608269,690.8658803245012,2017-12-03 08:37:52,Aprrox. w-center Algo1
57,ec:8c:a2:08:a9:2c,Ariel_University,5220,-91.0,32.103766485175285,35.20783180358038,690.3776746163047,2017-12-03 08:37:52,Aprrox. w-center Algo1
58,ec:8c:a2:88:a9:27, ,5220,-89.0,32.10377986390148,35.207818162044134,690.4231966047739,2017-12-03 08:38:22,Aprrox. w-center Algo1
59,ec:8c:a2:88:a9:37, ,5180,-81.0,32.103254567862166,35.20776621667453,690.8153989055744,2017-12-03 08:37:55,Aprrox. w-center Algo1
60,ec:8c:a2:26:ae:28,Ariel_University,2462,-88.0,32.103254567862166,35.20776621667453,690.8153989055744,2017-12-03 08:37:55,Aprrox. w-center Algo1
61,a0:4f:d4:46:a9:e1,richman,2462,-92.0,32.103254567862166,35.20776621667453,690.8153989055744,2017-12-03 08:37:55,Aprrox. w-center Algo1
62,ec:8c:a2:88:7a:17, ,5220,-87.0,32.10375939005184,35.207824304039484,690.4413487921157,2017-12-03 08:38:22,Aprrox. w-center Algo1
63,ec:8c:a2:08:7a:18,Ariel_University,2412,-84.0,32.10377787980504,35.20782590179721,690.4274628299759,2017-12-03 08:38:22,Aprrox. w-center Algo1
64,ec:8c:a2:08:78:38,Ariel_University,2412,-81.0,32.103323385092075,35.20778662747971,690.7687922307229,2017-12-03 08:37:58,Aprrox. w-center Algo1
65,ec:8c:a2:26:b0:58,Ariel_University,2437,-84.0,32.103323385092075,35.20778662747971,690.7687922307229,2017-12-03 08:37:58,Aprrox. w-center Algo1
66,ec:8c:a2:88:78:37, ,5200,-90.0,32.103323385092075,35.20778662747971,690.7687922307229,2017-12-03 08:37:58,Aprrox. w-center Algo1
67,ec:8c:a2:08:7b:8c,Ariel_University,5200,-91.0,32.103679060441586,35.20782822405939,690.5042269400623,2017-12-03 08:37:58,Aprrox. w-center Algo1
68,ec:8c:a2:09:86:d8,Ariel_University,2437,-92.0,32.103323385092075,35.20778662747971,690.7687922307229,2017-12-03 08:37:58,Aprrox. w-center Algo1
69,ec:8c:a2:89:0c:c7, ,5220,-86.0,32.10342051137385,35.20780552775216,690.6874448611455,2017-12-03 08:38:04,Aprrox. w-center Algo1
70,ec:8c:a2:09:0c:c8,Ariel_University,2412,-86.0,32.10342051137385,35.20780552775216,690.6874448611455,2017-12-03 08:38:04,Aprrox. w-center Algo1
71,ec:8c:a2:88:7b:87, ,5200,-89.0,32.103921780553286,35.20789536622503,690.2937519226791,2017-12-03 08:38:28,Aprrox. w-center Algo1
72,ec:8c:a2:08:90:cc,Ariel_University,5180,-87.0,32.10342051137385,35.20780552775216,690.6874448611455,2017-12-03 08:38:04,Aprrox. w-center Algo1
73,ec:8c:a2:08:90:c8,Ariel_University,2462,-89.0,32.1036008123458,35.20781952974852,690.5542770521721,2017-12-03 08:38:07,Aprrox. w-center Algo1
74,ec:8c:a2:09:8c:38,Ariel_University,2412,-80.0,32.10353355128237,35.20781291804855,690.5795129917332,2017-12-03 08:38:10,Aprrox. w-center Algo1
75,00:27:22:f3:bb:3a, ,2437,-86.0,32.10353355128237,35.20781291804855,690.5795129917332,2017-12-03 08:38:10,Aprrox. w-center Algo1
76,00:27:22:f3:bb:86, ,2437,-87.0,32.10375725007887,35.20784015835278,690.4441102635042,2017-12-03 08:38:10,Aprrox. w-center Algo1
77,ec:8c:a2:09:8c:3c,Ariel_University,5220,-88.0,32.10353355128237,35.20781291804855,690.5795129917332,2017-12-03 08:38:10,Aprrox. w-center Algo1
78,ec:8c:a2:89:8c:37, ,5220,-86.0,32.10371440835981,35.2078263595938,690.4758805974767,2017-12-03 08:38:13,Aprrox. w-center Algo1
79,ec:8c:a2:0a:08:b8,Ariel_University,2437,-89.0,32.10371440835981,35.2078263595938,690.4758805974767,2017-12-03 08:38:13,Aprrox. w-center Algo1
80,ec:8c:a2:08:7b:88,Ariel_University,2412,-77.0,32.10395115783471,35.20786377093516,690.3267397654319,2017-12-03 08:38:16,Aprrox. w-center Algo1
81,00:25:86:cc:07:b2,KCG_54,2417,-87.0,32.10410016147078,35.20842792478725,703.2732684202417,2017-12-03 08:38:19,Aprrox. w-center Algo1
82,84:c9:b2:4a:e7:87,dlink,2417,-86.0,32.1044140461797,35.20788087493433,689.9496964638441,2017-12-03 08:38:22,Aprrox. w-center Algo1
83,1c:b9:c4:16:cd:68,Ariel_University,2462,-86.0,32.1044140461797,35.20788087493433,689.9496964638441,2017-12-03 08:38:22,Aprrox. w-center Algo1
84,00:1a:dd:f4:f5:c4, ,2472,-93.0,32.10559996797917,35.210083946019836,689.0231325250428,2017-12-03 08:39:13,Aprrox. w-center Algo1
85,00:1a:dd:f4:f5:c5,Afikim_Wifi,2472,-91.0,32.1051395482204,35.20907111905004,689.2440822092434,2017-12-03 08:38:49,Aprrox. w-center Algo1
86,ec:8c:a2:08:92:48,Ariel_University,2437,-85.0,32.10461272357625,35.20792963641949,689.6670161410832,2017-12-03 08:38:25,Aprrox. w-center Algo1
87,ec:8c:a2:08:92:4c,Ariel_University,5180,-88.0,32.10461272357625,35.20792963641949,689.6670161410832,2017-12-03 08:38:25,Aprrox. w-center Algo1
88,f0:b0:52:3e:d6:f8,Ariel_University,2462,-86.0,32.10473074431384,35.20808401590763,689.6319853475801,2017-12-03 08:38:28,Aprrox. w-center Algo1
89,e6:46:da:e4:84:c0,Aviramf phone,2437,-87.0,32.10473074431384,35.20808401590763,689.6319853475801,2017-12-03 08:38:28,Aprrox. w-center Algo1
90,00:27:22:f3:e0:83, ,2412,-88.0,32.10473074431384,35.20808401590763,689.6319853475801,2017-12-03 08:38:28,Aprrox. w-center Algo1
91,ec:8c:a2:26:d2:c8,Ariel_University,2462,-93.0,32.10463137629941,35.20888730350134,690.5715158623817,2017-12-03 08:38:28,Aprrox. w-center Algo1
92,1c:b9:c4:16:05:38,Ariel_University,2462,-91.0,32.10463037057572,35.209751132750505,699.834359552573,2017-12-03 08:38:40,Aprrox. w-center Algo1
93,00:1a:2f:7f:6b:70, ,2472,-89.0,32.105480150114886,35.20995910039976,689.2878649448571,2017-12-03 08:38:43,Aprrox. w-center Algo1
94,b2:6c:ac:a0:7b:4d,magneto,2462,-92.0,32.10466887806425,35.20988924850649,689.048551852648,2017-12-03 08:39:10,Aprrox. w-center Algo1
95,1c:b9:c4:15:44:58,Ariel_University,2462,-93.0,32.10491855730482,35.210608792057805,697.2792040677703,2017-12-03 08:43:02,Aprrox. w-center Algo1
96,c2:6c:ac:a0:7b:4d,outsense,2462,-91.0,32.10451373703992,35.209566645390964,692.8513360567226,2017-12-03 08:41:13,Aprrox. w-center Algo1
97,90:6c:ac:a0:7b:4d,EVE,2462,-92.0,32.10484442814618,35.20986607442591,699.2172643781985,2017-12-03 08:45:00,Aprrox. w-center Algo1
98,1c:b9:c4:16:05:3c,Ariel_University,5180,-91.0,32.104617359952364,35.209437597427666,695.5120296503743,2017-12-03 08:54:11,Aprrox. w-center Algo1
99,90:6c:ac:9f:fb:1f,Guest,2412,-91.0,32.10503859937347,35.20999013889158,688.5591521920572,2017-12-03 08:45:04,Aprrox. w-center Algo1
100,d0:bf:9c:db:31:30,HP-Print-30-Officejet 7610,2437,-91.0,32.10504034705628,35.21011436421872,694.9544634628089,2017-12-03 08:38:49,Aprrox. w-center Algo1
101,f8:e9:03:12:ef:3b,ShapeDo,2437,-90.0,32.10477209848867,35.20959198198432,689.4143706947036,2017-12-03 08:38:52,Aprrox. w-center Algo1
102,a2:6c:ac:9f:fb:27,Neuropplied,5180,-91.0,32.104892803076424,35.2092822465669,690.7444350267791,2017-12-03 08:38:52,Aprrox. w-center Algo1
103,90:6c:ac:9f:fb:27,Guest,5180,-92.0,32.10489300606392,35.20928224839672,690.7435731036957,2017-12-03 08:38:52,Aprrox. w-center Algo1
104,b2:6c:ac:9f:fb:27,iagree,5180,-92.0,32.10489300606392,35.20928224839672,690.7435731036957,2017-12-03 08:38:52,Aprrox. w-center Algo1
105,c2:6c:ac:9f:fb:27,shapedo,5180,-92.0,32.10489300606392,35.20928224839672,690.7435731036957,2017-12-03 08:38:52,Aprrox. w-center Algo1
106,00:27:22:f3:e2:f3, ,2437,-87.0,32.105924522405914,35.21055874734606,688.6737904292652,2017-12-03 08:39:07,Aprrox. w-center Algo1
107,00:27:22:f3:a6:9a, ,2437,-87.0,32.105801846979396,35.21010479765049,688.5497026939919,2017-12-03 08:39:07,Aprrox. w-center Algo1
108,58:70:c6:00:d0:f1,YICarCam_00d0f1,2437,-89.0,32.10577582600903,35.20997089589932,688.5217353450139,2017-12-03 08:38:55,Aprrox. w-center Algo1
109,1c:b9:c4:16:06:e8,Ariel_University,2462,-89.0,32.10584273376777,35.210210781863445,688.5965322405589,2017-12-03 08:38:55,Aprrox. w-center Algo1
110,08:97:58:32:a6:3e,NIPPON_2516,2422,-73.0,32.10572050842588,35.2097599664662,688.5550300637956,2017-12-03 08:38:58,Aprrox. w-center Algo1
111,f8:a9:d0:66:06:4d,Orange G2_4113,2437,-81.0,32.10572050842588,35.2097599664662,688.5550300637956,2017-12-03 08:38:58,Aprrox. w-center Algo1
112,b2:6c:ac:9f:fb:1f,iagree,2412,-91.0,32.104679997506885,35.20973455572097,702.7601317727084,2017-12-03 08:45:45,Aprrox. w-center Algo1
113,1c:b9:c4:15:44:5c,Ariel_University,5220,-91.0,32.1049832884198,35.210202357768374,704.8952444842203,2017-12-03 08:45:24,Aprrox. w-center Algo1
114,1c:b9:c4:15:42:6c,Ariel_University,5240,-89.0,32.105382326454894,35.210379922222494,690.5953548222516,2017-12-03 08:38:58,Aprrox. w-center Algo1
115,00:1a:dd:f5:e9:25,Afikim-73925,2412,-91.0,32.10562571316993,35.21030626994565,689.1763663264628,2017-12-03 08:41:22,Aprrox. w-center Algo1
116,1c:b9:c4:95:42:67, ,5240,-90.0,32.105393533722584,35.21035937704057,690.5277389594698,2017-12-03 08:38:58,Aprrox. w-center Algo1
117,00:11:6b:2a:90:3c,Cartiheal,2462,-92.0,32.10492080273792,35.20973323805967,703.1072222548488,2017-12-03 08:50:10,Aprrox. w-center Algo1
118,1c:b9:c4:14:2f:a8,Ariel_University,2412,-90.0,32.10591114100764,35.21043701631978,688.6622483231179,2017-12-03 08:38:58,Aprrox. w-center Algo1
119,00:1a:dd:f5:e9:24,PEPWAVE_C99D,2412,-90.0,32.105460466409745,35.210257453794235,689.4884991272368,2017-12-03 08:41:22,Aprrox. w-center Algo1
120,00:1a:dd:f4:ef:04,PEPWAVE_9481,2412,-92.0,32.10596257233889,35.210551535528914,688.6825017110157,2017-12-03 08:39:13,Aprrox. w-center Algo1
121,1c:b9:c4:15:42:68,Ariel_University,2462,-92.0,32.105023580466614,35.21079971725657,697.0603594806419,2017-12-03 08:56:03,Aprrox. w-center Algo1
122,00:1a:dd:f5:06:a4, ,2472,-83.0,32.10593532045871,35.21038076777716,688.6045855255679,2017-12-03 08:39:04,Aprrox. w-center Algo1
123,00:1a:dd:f5:06:a5,Afikim_Wifi,2472,-84.0,32.10593532045871,35.21038076777716,688.6045855255679,2017-12-03 08:39:04,Aprrox. w-center Algo1
124,1c:b9:c4:16:06:ec,Ariel_University,5220,-89.0,32.10604981378468,35.21091908466632,688.7622466266455,2017-12-03 08:39:04,Aprrox. w-center Algo1
125,00:1a:dd:f4:ef:c5,Afikim_Wifi,2412,-81.0,32.106089276564596,35.21106968179408,688.7624378298848,2017-12-03 08:39:10,Aprrox. w-center Algo1
126,00:0d:f0:3e:fa:ca,Gateway,2452,-87.0,32.106089276564596,35.21106968179408,688.7624378298848,2017-12-03 08:39:10,Aprrox. w-center Algo1
127,1c:b9:c4:96:06:e7, ,5220,-90.0,32.106129976640474,35.21159973010257,689.0436342811676,2017-12-03 08:39:22,Aprrox. w-center Algo1
128,10:be:f5:36:02:e2,TOP-SECRET,2447,-82.0,32.10614939016676,35.21138726608906,688.8993666020681,2017-12-03 08:39:13,Aprrox. w-center Algo1
129,00:1a:dd:f4:ef:c4, ,2412,-87.0,32.10614939016676,35.21138726608906,688.8993666020681,2017-12-03 08:39:13,Aprrox. w-center Algo1
130,cc:b2:55:e7:7e:ba,Bezeq-NGN_E77EB9,2437,-87.0,32.106181954122206,35.21168763894033,689.1981253462078,2017-12-03 08:39:16,Aprrox. w-center Algo1
131,00:1a:dd:f4:fc:84, ,2447,-77.0,32.106211489963755,35.21194838735254,689.2763252871639,2017-12-03 08:39:19,Aprrox. w-center Algo1
132,00:1a:dd:f4:fc:85,Afikim_Wifi,2447,-78.0,32.106211489963755,35.21194838735254,689.2763252871639,2017-12-03 08:39:19,Aprrox. w-center Algo1
133,f8:e7:1e:33:87:38,Police_Shomron ,2412,-86.0,32.106211489963755,35.21194838735254,689.2763252871639,2017-12-03 08:39:19,Aprrox. w-center Algo1
134,00:1a:dd:f4:fc:64, ,2412,-87.0,32.106211489963755,35.21194838735254,689.2763252871639,2017-12-03 08:39:19,Aprrox. w-center Algo1
135,00:1a:dd:f4:fc:65,Afikim_Wifi,2412,-90.0,32.106211489963755,35.21194838735254,689.2763252871639,2017-12-03 08:39:19,Aprrox. w-center Algo1
136,1c:b9:c4:16:cd:18,IT-MNG,2412,-88.0,32.105760148875554,35.21206399289527,690.460869314654,2017-12-03 08:39:25,Aprrox. w-center Algo1
137,00:27:19:13:fc:a4,KCG_20,2462,-91.0,32.10520095441039,35.21181344655401,694.5187617004624,2017-12-03 08:47:20,Aprrox. w-center Algo1
138,1c:b9:c4:56:cd:18,Ariel_University,2412,-90.0,32.105755717208204,35.21206208631172,690.4771826394856,2017-12-03 08:39:25,Aprrox. w-center Algo1
139,f8:e7:1e:33:87:3c,Police_Shomron ,5180,-86.0,32.10578181130056,35.21207187967583,690.5323471428377,2017-12-03 08:39:28,Aprrox. w-center Algo1
140,1c:b9:c4:15:fd:e8,IT-MNG,2462,-89.0,32.10534576509134,35.21169309934411,691.3431389455745,2017-12-03 08:44:52,Aprrox. w-center Algo1
141,1c:b9:c4:16:cd:1c,Ariel_University,5180,-88.0,32.10578181130056,35.21207187967583,690.5323471428377,2017-12-03 08:39:28,Aprrox. w-center Algo1
142,1c:b9:c4:55:fd:e8,Ariel_University,2462,-91.0,32.105138425532736,35.21141955571389,698.5747888633091,2017-12-03 08:44:52,Aprrox. w-center Algo1
143,1c:b9:c4:15:fd:ec,Ariel_University,5200,-83.0,32.10533711925973,35.2118598855837,691.9964341016355,2017-12-03 08:39:34,Aprrox. w-center Algo1
144,1c:b9:c4:15:3a:28,Ariel_University,2412,-87.0,32.105448644069995,35.21192983211315,691.5885470680463,2017-12-03 08:39:34,Aprrox. w-center Algo1
145,1c:b9:c4:15:36:9c,Ariel_University,5180,-88.0,32.105191757257465,35.2112199723324,703.6200349313401,2017-12-03 08:39:34,Aprrox. w-center Algo1
146,1c:b9:c4:96:cd:17, ,5180,-89.0,32.105448644069995,35.21192983211315,691.5885470680463,2017-12-03 08:39:34,Aprrox. w-center Algo1
147,1c:b9:c4:15:36:98,Ariel_University,2412,-91.0,32.10515114555408,35.211164576834996,700.350465254138,2017-12-03 08:40:43,Aprrox. w-center Algo1
148,1c:b9:c4:15:3a:2c,Ariel_University,5180,-92.0,32.105338150765675,35.21187487697705,692.0554072332519,2017-12-03 08:39:37,Aprrox. w-center Algo1
149,24:79:2a:2b:34:a8,Ariel_University,2462,-92.0,32.105338150765675,35.21187487697705,692.0554072332519,2017-12-03 08:39:37,Aprrox. w-center Algo1
150,1c:b9:c4:16:05:78,Ariel_University,2437,-92.0,32.104805662062105,35.21094137885347,701.4216072144193,2017-12-03 08:39:43,Aprrox. w-center Algo1
151,1c:b9:c4:16:2b:e8,Ariel_University,2437,-92.0,32.104806165040834,35.21082039842853,690.6748164179094,2017-12-03 08:39:46,Aprrox. w-center Algo1
152,8c:0c:90:af:76:53, ,2437,-90.0,32.105210120790346,35.21178480914369,692.3377115782242,2017-12-03 08:39:49,Aprrox. w-center Algo1
153,24:79:2a:2b:34:e8,Ariel_University,2412,-91.0,32.10507123327566,35.21145722461369,693.5785828198289,2017-12-03 08:40:16,Aprrox. w-center Algo1
154,1c:b9:c4:15:44:88,Ariel_University,2437,-91.0,32.104748376236714,35.21094701982522,696.7827687919405,2017-12-03 08:40:22,Aprrox. w-center Algo1
155,1c:b9:c4:15:ed:48,Ariel_University,2412,-92.0,32.10470507469252,35.21121673311417,690.8093782577394,2017-12-03 08:49:49,Aprrox. w-center Algo1
156,8c:0c:90:2f:d3:d8,Ariel_University,2462,-90.0,32.10450242754861,35.21095633191016,695.2145993359444,2017-12-03 08:40:28,Aprrox. w-center Algo1
157,ec:8c:a2:08:79:a8,Ariel_University,2437,-82.0,32.104697508718836,35.210758098403275,693.515546031181,2017-12-03 08:40:34,Aprrox. w-center Algo1
158,1c:b9:c4:95:ed:47, ,5220,-87.0,32.104906121909195,35.21135241304572,691.7266026300563,2017-12-03 08:40:34,Aprrox. w-center Algo1
159,1c:b9:c4:15:ed:4c,Ariel_University,5220,-88.0,32.1048674859546,35.21138014652286,690.8633013150281,2017-12-03 08:40:34,Aprrox. w-center Algo1
160,ec:8c:a2:08:79:88,Ariel_University,2412,-92.0,32.10493454942741,35.210993687799785,688.9904963388942,2017-12-03 08:45:01,Aprrox. w-center Algo1
161,ec:8c:a2:08:79:ac,Ariel_University,5180,-89.0,32.104919099001776,35.211301549688564,693.8682117313017,2017-12-03 08:40:34,Aprrox. w-center Algo1
162,1c:b9:c4:14:36:f8,Ariel_University,2437,-90.0,32.104519883098945,35.211279570886184,694.6482809964774,2017-12-03 08:40:34,Aprrox. w-center Algo1
163,1c:b9:c4:16:05:7c,Ariel_University,5180,-91.0,32.104875348940055,35.21081991902829,708.9043805783167,2017-12-03 08:40:34,Aprrox. w-center Algo1
164,1c:b9:c4:14:2b:c8,Ariel_University,2437,-88.0,32.1049008091036,35.21116126019537,692.5343568671238,2017-12-03 08:43:02,Aprrox. w-center Algo1
165,1c:b9:c4:14:2b:cc,Ariel_University,5180,-87.0,32.10504392751344,35.21106960662548,702.0456994786932,2017-12-03 08:40:37,Aprrox. w-center Algo1
166,1c:b9:c4:15:41:78,Ariel_University,2412,-89.0,32.10438435540845,35.21047398549872,700.3814803088608,2017-12-03 08:45:12,Aprrox. w-center Algo1
167,1c:b9:c4:94:2b:c7, ,5180,-90.0,32.1050271314145,35.21103245039248,700.7822284453173,2017-12-03 08:40:37,Aprrox. w-center Algo1
168,1c:b9:c4:95:44:87, ,5180,-91.0,32.104750634791365,35.21122999135554,699.6870730661486,2017-12-03 08:40:40,Aprrox. w-center Algo1
169,1c:b9:c4:15:44:8c,Ariel_University,5180,-92.0,32.10473150718274,35.211193917522,695.551073827083,2017-12-03 08:40:40,Aprrox. w-center Algo1
170,1c:b9:c4:94:30:07, ,5180,-84.0,32.10506214894986,35.21071549460977,692.6868607099875,2017-12-03 08:40:43,Aprrox. w-center Algo1
171,1c:b9:c4:14:30:0c,Ariel_University,5180,-85.0,32.10506214894986,35.21071549460977,692.6868607099875,2017-12-03 08:40:43,Aprrox. w-center Algo1
172,1c:b9:c4:14:30:08,Ariel_University,2412,-90.0,32.10501114734997,35.21068038303641,697.5475606772845,2017-12-03 08:44:55,Aprrox. w-center Algo1
173,1c:b9:c4:16:2d:e8,Ariel_University,2462,-92.0,32.1048406239269,35.21034844892022,701.973372084463,2017-12-03 08:53:29,Aprrox. w-center Algo1
174,ac:83:f3:b2:00:e9,SAMSONIX R500-e-09,2412,-84.0,32.10500248118355,35.210472263787054,692.7188464192927,2017-12-03 08:40:46,Aprrox. w-center Algo1
175,1c:b9:c4:15:25:48,Ariel_University,2412,-89.0,32.10481537236381,35.21036558021795,695.7149868094504,2017-12-03 08:47:26,Aprrox. w-center Algo1
176,1c:b9:c4:95:44:57, ,5220,-89.0,32.10500097336687,35.21047477768118,710.7476613871767,2017-12-03 08:40:46,Aprrox. w-center Algo1
177,00:11:6b:11:7d:c7,yosh,2472,-92.0,32.10477705912556,35.21028304858658,706.2393981828925,2017-12-03 08:50:04,Aprrox. w-center Algo1
178,38:a2:8c:02:e7:6e,SAMSONIX ML_003,2437,-91.0,32.10500248118355,35.210472263787054,692.7188464192927,2017-12-03 08:40:46,Aprrox. w-center Algo1
179,1c:b9:c4:16:2d:ec,Ariel_University,5180,-85.0,32.10493191549645,35.21025667401684,692.7030958914264,2017-12-03 08:40:49,Aprrox. w-center Algo1
180,1c:b9:c4:15:20:38,Ariel_University,2462,-89.0,32.1048194748832,35.21014193535791,697.8852428165849,2017-12-03 08:45:07,Aprrox. w-center Algo1
181,1c:b9:c4:96:2d:e7, ,5180,-89.0,32.10492987261436,35.21027044008996,708.8736268991172,2017-12-03 08:40:49,Aprrox. w-center Algo1
182,c2:6c:ac:9f:fb:1f,shapedo,2412,-91.0,32.10452399324052,35.20971800094078,689.6250519377325,2017-12-03 08:40:49,Aprrox. w-center Algo1
183,1c:b9:c4:15:34:b8,Ariel_University,2437,-92.0,32.10493191549645,35.21025667401684,692.7030958914264,2017-12-03 08:40:49,Aprrox. w-center Algo1
184,c4:12:f5:fd:6a:74,mati-sh1,2452,-85.0,32.10483384066018,35.21004948359021,692.7415284537185,2017-12-03 08:40:52,Aprrox. w-center Algo1
185,a2:6c:ac:a0:3d:eb,giftwizard,2422,-92.0,32.1042638460597,35.20975085084366,696.5000278020748,2017-12-03 08:49:44,Aprrox. w-center Algo1
186,a2:6c:ac:9f:fb:1f,Neuropplied,2412,-89.0,32.104689840094615,35.20990629425972,695.0442302849592,2017-12-03 08:40:52,Aprrox. w-center Algo1
187,90:6c:ac:a0:3d:eb,Guest,2422,-89.0,32.104379269996755,35.20944862621192,700.8170667062606,2017-12-03 08:40:52,Aprrox. w-center Algo1
188,8c:0c:90:2f:36:58,Ariel_University,2412,-89.0,32.104756095893336,35.20996993134828,699.1416431415805,2017-12-03 08:40:52,Aprrox. w-center Algo1
189,a2:6c:ac:a0:7b:4d,Guest,2462,-85.0,32.10440458223437,35.209556623679454,696.125709698157,2017-12-03 08:50:23,Aprrox. w-center Algo1
190,c2:6c:ac:a0:7b:55,outsense,5260,-79.0,32.10466943236545,35.20982459242701,701.9303296677489,2017-12-03 08:40:55,Aprrox. w-center Algo1
191,b2:6c:ac:a0:7b:55,magneto,5260,-79.0,32.10467817424046,35.209813646365646,708.5120395177382,2017-12-03 08:40:55,Aprrox. w-center Algo1
192,a2:6c:ac:a0:7b:55,Guest,5260,-80.0,32.10467787135877,35.209813449304924,708.6936298682328,2017-12-03 08:40:55,Aprrox. w-center Algo1
193,74:ea:3a:ad:d1:50,TP-LINK_ADD150,2427,-86.0,32.10365773565632,35.20929773564961,688.620259413378,2017-12-03 08:50:25,Aprrox. w-center Algo1
194,90:6c:ac:a0:60:4d,Guest,2412,-79.0,32.10462255556327,35.20977542687116,689.1632024869866,2017-12-03 08:45:13,Aprrox. w-center Algo1
195,a2:6c:ac:a0:60:4d,incentive2,2412,-83.0,32.104295258377164,35.2094596590395,689.2506394148126,2017-12-03 08:57:50,Aprrox. w-center Algo1
196,1c:b9:c4:14:62:4c,Ariel_University,5180,-74.0,32.10457102888188,35.209608501213296,692.8918490649098,2017-12-03 08:40:58,Aprrox. w-center Algo1
197,1c:b9:c4:14:62:48,Ariel_University,2462,-74.0,32.10390986328329,35.20946884775084,696.0914104344992,2017-12-03 08:40:58,Aprrox. w-center Algo1
198,f8:e9:03:12:ef:3c,ShapeDo-5GHz,5300,-77.0,32.10456801210062,35.209679316065845,689.8684136221324,2017-12-03 08:40:58,Aprrox. w-center Algo1
199,1c:b9:c4:94:62:47, ,5180,-79.0,32.10457102888188,35.209608501213296,692.8918490649098,2017-12-03 08:40:58,Aprrox. w-center Algo1
200,24:79:2a:2c:5b:dc,Ariel_University,5180,-89.0,32.10414268624911,35.21002391316817,703.1484393235382,2017-12-03 08:55:36,Aprrox. w-center Algo1
201,a2:6c:ac:a0:18:29,artsim,2437,-86.0,32.103666322911735,35.20929375541751,689.7993843417349,2017-12-03 08:45:22,Aprrox. w-center Algo1
202,24:79:2a:2c:5b:d8,Ariel_University,2412,-90.0,32.10418531285995,35.21007089946738,702.9740500914372,2017-12-03 08:42:32,Aprrox. w-center Algo1
203,34:8f:27:20:89:b8,Ariel_University,2437,-84.0,32.10410549592865,35.209217285537754,690.6334021278866,2017-12-03 08:41:01,Aprrox. w-center Algo1
204,a0:8c:fd:8c:79:6f,DIRECT-6E-HP DeskJet 3630 series,2437,-87.0,32.104510237697276,35.20956264842609,690.9289640836059,2017-12-03 08:41:01,Aprrox. w-center Algo1
205,34:8f:27:20:89:bc,Ariel_University,5220,-87.0,32.104466966368285,35.20942986183025,692.9030486088649,2017-12-03 08:41:01,Aprrox. w-center Algo1
206,34:8f:27:a0:89:b7, ,5220,-89.0,32.104466966368285,35.20942986183025,692.9030486088649,2017-12-03 08:41:01,Aprrox. w-center Algo1
207,ec:8c:a2:26:d3:68,Ariel_University,2462,-90.0,32.10401220933331,35.2091195127566,699.1329371178398,2017-12-03 08:41:28,Aprrox. w-center Algo1
208,1c:b9:c4:16:1d:78,Ariel_University,2412,-89.0,32.103782749156004,35.20920751095597,699.266078512756,2017-12-03 08:41:25,Aprrox. w-center Algo1
209,58:70:c6:fb:68:7a,YICarCam_fb687a,2432,-88.0,32.104362677361316,35.20927746779735,692.9954485022049,2017-12-03 08:41:04,Aprrox. w-center Algo1
210,30:e1:71:0d:e0:65,DIRECT-64-HP DeskJet 3630 series,2437,-89.0,32.104195792901045,35.20912676733564,700.8868204723456,2017-12-03 08:41:04,Aprrox. w-center Algo1
211,1c:b9:c4:16:cc:d8,Ariel_University,2412,-85.0,32.10417409535365,35.20908661069742,691.6582550631983,2017-12-03 08:45:30,Aprrox. w-center Algo1
212,00:27:22:f3:bb:2b, ,2437,-89.0,32.10405974104211,35.20942539110444,705.4863232281272,2017-12-03 08:54:02,Aprrox. w-center Algo1
213,a0:8c:fd:0a:24:56,DIRECT-13-HP DeskJet 3630 series,2437,-90.0,32.10396493113302,35.209466337227745,702.7703097829475,2017-12-03 08:45:30,Aprrox. w-center Algo1
214,1c:b9:c4:15:fd:4c,Ariel_University,5180,-91.0,32.10401235427936,35.2097227997991,707.5113939212562,2017-12-03 08:42:23,Aprrox. w-center Algo1
215,1c:b9:c4:15:fd:48,Ariel_University,2412,-90.0,32.10384191616484,35.20937184645358,697.9739552146804,2017-12-03 08:41:07,Aprrox. w-center Algo1
216,1c:b9:c4:16:28:ec,Ariel_University,5180,-91.0,32.103839733152554,35.20889571793294,701.5034186413069,2017-12-03 08:41:07,Aprrox. w-center Algo1
217,00:02:6f:b8:c4:1a, ,2462,-92.0,32.10398682674761,35.208972184356085,702.3784600290483,2017-12-03 08:41:07,Aprrox. w-center Algo1
218,1c:b9:c4:16:28:e8,Ariel_University,2412,-89.0,32.10343086429469,35.209047055207826,705.76793753759,2017-12-03 08:46:03,Aprrox. w-center Algo1
219,8c:0c:90:2e:16:88,Ariel_University,2462,-89.0,32.10371141194026,35.209181927126615,702.3390119656199,2017-12-03 08:51:21,Aprrox. w-center Algo1
220,90:6c:ac:a0:18:29,Guest,2437,-88.0,32.10415295301361,35.209339165358806,695.2450694284452,2017-12-03 08:41:10,Aprrox. w-center Algo1
221,ec:8c:a2:26:b0:e8,Ariel_University,2437,-91.0,32.103768086635874,35.20892585738782,690.6290915491492,2017-12-03 08:45:30,Aprrox. w-center Algo1
222,1c:b9:c4:15:1c:b8,Ariel_University,2412,-92.0,32.10365710109067,35.20950307932331,702.1086768668848,2017-12-03 09:09:03,Aprrox. w-center Algo1
223,1c:b9:c4:15:23:5c,Ariel_University,5180,-91.0,32.104079300627305,35.20894493919268,693.2106002961864,2017-12-03 08:41:10,Aprrox. w-center Algo1
224,1c:b9:c4:95:23:57, ,5180,-92.0,32.104079300627305,35.20894493919268,693.2106002961864,2017-12-03 08:41:10,Aprrox. w-center Algo1
225,b2:6c:ac:a0:3d:eb,sinusafe,2422,-93.0,32.1040161721215,35.20954590450579,706.748484916997,2017-12-03 08:45:03,Aprrox. w-center Algo1
226,1c:b9:c4:15:23:58,Ariel_University,2437,-89.0,32.104329952157194,35.20937066594561,700.7514649455512,2017-12-03 08:45:09,Aprrox. w-center Algo1
227,40:a5:ef:7a:17:f2,2.4V1,2412,-89.0,32.10281977321464,35.209384428511534,701.5103890456799,2017-12-03 08:45:42,Aprrox. w-center Algo1
228,1c:b9:c4:95:fd:47, ,5180,-91.0,32.1037295356692,35.20938172918559,705.7432982997963,2017-12-03 08:54:05,Aprrox. w-center Algo1
229,1c:b9:c4:96:28:e7, ,5180,-90.0,32.10368839370954,35.20877681328383,691.4510767002092,2017-12-03 08:41:13,Aprrox. w-center Algo1
230,1c:b9:c4:16:cc:dc,Ariel_University,5180,-90.0,32.1037453613347,35.208747637130664,692.9018041152,2017-12-03 08:41:16,Aprrox. w-center Algo1
231,8c:0c:90:ae:16:83, ,2462,-89.0,32.10362843067258,35.2090267906456,706.0768644614176,2017-12-03 08:45:36,Aprrox. w-center Algo1
232,8c:0c:90:6e:16:88, ,2462,-88.0,32.103677390081394,35.209415962504124,699.0869153464067,2017-12-03 08:42:14,Aprrox. w-center Algo1
233,1c:b9:c4:12:7c:c8,Ariel_University,2462,-86.0,32.103009323982704,35.209012798159776,697.9012344069587,2017-12-03 08:41:19,Aprrox. w-center Algo1
234,1c:b9:c4:16:13:08,Ariel_University,2462,-89.0,32.10356596775584,35.20877573109439,697.2890669002472,2017-12-03 08:41:19,Aprrox. w-center Algo1
235,1c:b9:c4:12:7c:cc,Ariel_University,5180,-90.0,32.10302115000105,35.208813904216676,691.9923582374439,2017-12-03 08:41:22,Aprrox. w-center Algo1
236,1c:b9:c4:92:7c:c7, ,5180,-84.0,32.10290082863347,35.20885512897605,691.8458350165494,2017-12-03 08:45:51,Aprrox. w-center Algo1
237,1c:b9:c4:12:90:bc,Ariel_University,5200,-90.0,32.10295926449372,35.209212629481584,699.7301854906017,2017-12-03 08:42:14,Aprrox. w-center Algo1
238,1c:b9:c4:16:13:0c,Ariel_University,5220,-89.0,32.10332614802254,35.20866418715774,692.4506545358308,2017-12-03 08:41:25,Aprrox. w-center Algo1
239,1c:b9:c4:96:13:07, ,5220,-91.0,32.10332614802254,35.20866418715774,692.4506545358308,2017-12-03 08:41:25,Aprrox. w-center Algo1
240,1c:b9:c4:12:90:b8,Ariel_University,2462,-94.0,32.10288382437314,35.20908140016007,706.5356741472195,2017-12-03 08:45:45,Aprrox. w-center Algo1
241,f8:d1:11:77:77:c6,HelpDesk,2427,-88.0,32.102953009977234,35.20876530432934,690.5352011665425,2017-12-03 08:57:58,Aprrox. w-center Algo1
242,8c:0c:90:2d:75:e8,Ariel_University,2412,-84.0,32.10285016798215,35.20902322894299,693.2400764409485,2017-12-03 08:41:28,Aprrox. w-center Algo1
243,1c:b9:c4:16:f4:28,Ariel_University,2462,-93.0,32.10270412969949,35.20888878047445,695.2508481607214,2017-12-03 08:50:31,Aprrox. w-center Algo1
244,34:8f:27:20:8c:18,Ariel_University,2437,-90.0,32.10287513710923,35.20909666960022,693.7861545185115,2017-12-03 08:50:47,Aprrox. w-center Algo1
245,1c:b9:c4:15:43:e8,Ariel_University,2412,-91.0,32.102761970174264,35.2089209231624,700.4351827383965,2017-12-03 08:45:51,Aprrox. w-center Algo1
246,ec:8c:a2:88:78:c7, ,5240,-90.0,32.103218438334075,35.20895591989747,694.2303369819643,2017-12-03 08:41:28,Aprrox. w-center Algo1
247,d8:5d:4c:9e:69:22,AUC_4_2_24,2412,-89.0,32.10322758875065,35.209337612036805,702.8595454707937,2017-12-03 08:55:20,Aprrox. w-center Algo1
248,1c:b9:c4:14:2f:68,Ariel_University,2437,-86.0,32.10281133495248,35.208866075264176,691.0383478348301,2017-12-03 08:45:51,Aprrox. w-center Algo1
249,1c:b9:c4:96:f4:27, ,5220,-90.0,32.10250943981619,35.20909891571277,691.7725879235369,2017-12-03 08:41:50,Aprrox. w-center Algo1
250,1c:b9:c4:14:2f:6c,Ariel_University,5180,-88.0,32.10263474546557,35.20893994700708,690.5293943929987,2017-12-03 08:41:31,Aprrox. w-center Algo1
251,1c:b9:c4:16:11:a8,Ariel_University,2412,-85.0,32.1028401630361,35.20970809495402,695.9314194631153,2017-12-03 08:41:53,Aprrox. w-center Algo1
252,ec:8c:a2:26:b1:78,Ariel_University,2412,-93.0,32.10259674404227,35.209388802149505,701.7148046922609,2017-12-03 08:46:33,Aprrox. w-center Algo1
253,1c:b9:c4:16:11:ac,Ariel_University,5220,-88.0,32.10232534015088,35.209341270759694,698.7645661358555,2017-12-03 08:46:19,Aprrox. w-center Algo1
254,1c:b9:c4:16:28:fc,Ariel_University,5180,-90.0,32.10245411438658,35.20901679756467,703.3465182280713,2017-12-03 08:46:19,Aprrox. w-center Algo1
255,62:ab:1b:60:b4:cb,Bezeq Free,2447,-89.0,32.10221671690282,35.20955035700375,694.9755116844647,2017-12-03 08:54:47,Aprrox. w-center Algo1
256,1c:b9:c4:14:2c:18,Ariel_University,2412,-85.0,32.10240105789399,35.209144564397185,697.9423213346126,2017-12-03 08:41:37,Aprrox. w-center Algo1
257,a0:ab:1b:60:b4:ca,036518749,2447,-87.0,32.10232136310649,35.20903792128412,691.1777064405002,2017-12-03 08:41:53,Aprrox. w-center Algo1
258,1c:b9:c4:15:ed:78,Ariel_University,2437,-89.0,32.10244426991373,35.209279235202764,697.022215699668,2017-12-03 08:46:03,Aprrox. w-center Algo1
259,1c:b9:c4:16:04:78,Ariel_University,2462,-86.0,32.102339731932126,35.2093049522181,692.9193973951036,2017-12-03 08:41:37,Aprrox. w-center Algo1
260,1c:b9:c4:14:2b:d8,Ariel_University,2412,-85.0,32.102233275060186,35.20916658299329,689.8244291995538,2017-12-03 08:46:27,Aprrox. w-center Algo1
261,1c:b9:c4:14:2b:dc,Ariel_University,5180,-87.0,32.10220392277591,35.20927174765259,695.9776331182591,2017-12-03 08:41:40,Aprrox. w-center Algo1
262,1c:b9:c4:94:2b:d7, ,5180,-88.0,32.102278046502754,35.20926738007158,697.3514191595569,2017-12-03 08:41:40,Aprrox. w-center Algo1
263,1c:b9:c4:16:ed:38,Ariel_University,2437,-88.0,32.102835288824664,35.20961707490423,696.1762236172232,2017-12-03 08:41:40,Aprrox. w-center Algo1
264,48:ee:0c:3e:86:dd,tachlit3,2442,-89.0,32.102383542734515,35.208836763486595,689.4879837201058,2017-12-03 08:41:40,Aprrox. w-center Algo1
265,a0:8c:fd:0a:d5:f5,DIRECT-F4-HP DeskJet 3630 series,2437,-91.0,32.10221934117311,35.209189094328075,698.8075130267099,2017-12-03 08:41:40,Aprrox. w-center Algo1
266,3c:52:82:ef:d4:56,DIRECT-55-HP DeskJet 3630 series,2437,-87.0,32.10218764306504,35.2092902710175,694.1649424257095,2017-12-03 08:46:09,Aprrox. w-center Algo1
267,1c:b9:c4:16:f1:48,Ariel_University,2412,-91.0,32.10231195817897,35.209441657428314,701.6984437060926,2017-12-03 08:54:50,Aprrox. w-center Algo1
268,1c:b9:c4:16:f1:4c,Ariel_University,5180,-85.0,32.10214478667037,35.209089103693636,689.2517761973078,2017-12-03 08:41:44,Aprrox. w-center Algo1
269,1c:b9:c4:15:3d:58,Ariel_University,2462,-86.0,32.10247420006016,35.20950084989623,698.152923636999,2017-12-03 08:41:44,Aprrox. w-center Algo1
270,1c:b9:c4:15:3a:38,Ariel_University,2462,-90.0,32.10251097275591,35.209706881361996,697.1526621387461,2017-12-03 08:46:40,Aprrox. w-center Algo1
271,1c:b9:c4:15:1b:88,Ariel_University,2462,-92.0,32.10208600104862,35.20928813919664,690.0247298147439,2017-12-03 08:46:12,Aprrox. w-center Algo1
272,1c:b9:c4:95:3a:37, ,5220,-87.0,32.10204840896786,35.209305441513706,690.6637923310731,2017-12-03 08:41:47,Aprrox. w-center Algo1
273,1c:b9:c4:15:3a:3c,Ariel_University,5220,-87.0,32.102049198139355,35.20957634222167,691.3318336450411,2017-12-03 08:41:47,Aprrox. w-center Algo1
274,1c:b9:c4:15:1b:8c,Ariel_University,5290,-88.0,32.10202729086905,35.20947062720155,690.8338172894856,2017-12-03 08:41:47,Aprrox. w-center Algo1
275,1c:b9:c4:15:1e:68,Ariel_University,2412,-90.0,32.10253951651756,35.20987039331902,691.1328653633169,2017-12-03 08:50:55,Aprrox. w-center Algo1
276,1c:b9:c4:95:1b:87, ,5290,-89.0,32.10204840896786,35.209305441513706,690.6637923310731,2017-12-03 08:41:47,Aprrox. w-center Algo1
277,00:11:6b:11:02:b7,yosh,2412,-90.0,32.10236126185898,35.20966464772797,691.1283448325228,2017-12-03 08:41:47,Aprrox. w-center Algo1
278,1c:b9:c4:15:ed:7c,Ariel_University,5300,-83.0,32.10199115789806,35.20958210879809,691.3292746776632,2017-12-03 08:41:50,Aprrox. w-center Algo1
279,1c:b9:c4:15:3d:5c,Ariel_University,5180,-85.0,32.101993215281134,35.209569911503216,690.6407658565206,2017-12-03 08:41:50,Aprrox. w-center Algo1
280,1c:b9:c4:16:f4:2c,Ariel_University,5220,-89.0,32.10245193835944,35.20925955775435,708.8170773849672,2017-12-03 08:54:24,Aprrox. w-center Algo1
281,1c:b9:c4:15:1e:6c,Ariel_University,5180,-90.0,32.10251278681855,35.20963302577492,693.2846435046687,2017-12-03 08:42:08,Aprrox. w-center Algo1
282,1c:b9:c4:95:43:e7, ,5180,-90.0,32.10199115789806,35.20958210879809,691.3292746776632,2017-12-03 08:41:50,Aprrox. w-center Algo1
283,1c:b9:c4:96:04:77, ,5300,-86.0,32.10204989920807,35.20981699968769,691.9252951056196,2017-12-03 08:41:53,Aprrox. w-center Algo1
284,30:e1:71:0f:a2:72,DIRECT-71-HP DeskJet 3630 series,2437,-86.0,32.10201314920573,35.20972856511783,690.9557848714416,2017-12-03 08:41:53,Aprrox. w-center Algo1
285,1c:b9:c4:96:11:a7, ,5220,-90.0,32.10238098950909,35.209258389193515,702.8754790886982,2017-12-03 08:41:53,Aprrox. w-center Algo1
286,00:1d:aa:81:d8:3c,KCG-ADSL,2422,-93.0,32.102876836843485,35.209947475140176,702.0829310684456,2017-12-03 08:51:34,Aprrox. w-center Algo1
287,c4:12:f5:f6:a0:18,lab_6.1.3,2422,-84.0,32.10328557557238,35.21021091130341,693.5497883564242,2017-12-03 08:41:59,Aprrox. w-center Algo1
288,1c:b9:c4:16:ee:98,Ariel_University,2437,-91.0,32.102740977855134,35.210146871584385,692.6115599336858,2017-12-03 08:41:59,Aprrox. w-center Algo1
289,1c:b9:c4:15:3d:68,Ariel_University,2437,-85.0,32.10291627687349,35.210028924744066,694.1062838564453,2017-12-03 08:51:08,Aprrox. w-center Algo1
290,1c:b9:c4:16:ee:9c,Ariel_University,5180,-86.0,32.10259716125353,35.20992068942939,696.4473308693133,2017-12-03 09:08:45,Aprrox. w-center Algo1
291,1c:b9:c4:15:3d:6c,Ariel_University,5220,-89.0,32.10264502460317,35.209897806241734,696.5341776276562,2017-12-03 08:42:02,Aprrox. w-center Algo1
292,1c:b9:c4:14:2c:38,Ariel_University,2437,-90.0,32.103000977470856,35.20996579271336,693.8694375090816,2017-12-03 08:42:02,Aprrox. w-center Algo1
293,1c:b9:c4:14:30:38,Ariel_University,2412,-87.0,32.10292340039279,35.20969559237643,700.9384049099173,2017-12-03 08:59:52,Aprrox. w-center Algo1
294,1c:b9:c4:96:ed:37, ,5220,-87.0,32.10294447969606,35.20968831872878,698.1641498759643,2017-12-03 08:42:05,Aprrox. w-center Algo1
295,1c:b9:c4:16:ed:3c,Ariel_University,5220,-91.0,32.103028187740456,35.20982675696831,705.227697676807,2017-12-03 08:54:59,Aprrox. w-center Algo1
296,30:e1:71:0f:a2:49,DIRECT-47-HP DeskJet 3630 series,2437,-88.0,32.10263817156114,35.20987677611506,693.8391299561987,2017-12-03 08:42:05,Aprrox. w-center Algo1
297,1c:b9:c4:12:af:78,Ariel_University,2462,-92.0,32.103031774236335,35.20979583696737,694.0289040824869,2017-12-03 08:51:08,Aprrox. w-center Algo1
298,1c:b9:c4:12:af:7c,Ariel_University,5200,-89.0,32.102975182256614,35.20967918711385,697.3000448791336,2017-12-03 08:42:05,Aprrox. w-center Algo1
299,1c:b9:c4:15:ec:38,Ariel_University,2437,-90.0,32.10304055326519,35.20981373212277,696.0379827520758,2017-12-03 08:42:05,Aprrox. w-center Algo1
300,1c:b9:c4:14:30:3c,Ariel_University,5220,-91.0,32.10298530383412,35.20969269755819,701.7019225009692,2017-12-03 08:42:05,Aprrox. w-center Algo1
301,3c:52:82:ef:c4:3c,DIRECT-3B-HP DeskJet 3630 series,2437,-82.0,32.1031126587958,35.209727130626995,698.4515190271774,2017-12-03 08:42:08,Aprrox. w-center Algo1
302,1c:b9:c4:15:ec:3c,Ariel_University,5180,-91.0,32.102966652510524,35.20967465253963,699.7362750892721,2017-12-03 09:01:34,Aprrox. w-center Algo1
303,1c:b9:c4:95:ec:37, ,5180,-90.0,32.10298166965829,35.2096776718261,699.3847452618824,2017-12-03 08:42:08,Aprrox. w-center Algo1
304,1c:b9:c4:14:2b:88,Ariel_University,2462,-90.0,32.10329390169937,35.209912905825014,697.8941785167814,2017-12-03 08:42:08,Aprrox. w-center Algo1
305,1c:b9:c4:94:30:37, ,5220,-91.0,32.10297855091711,35.209689577361985,699.0312381494077,2017-12-03 08:42:08,Aprrox. w-center Algo1
306,1c:b9:c4:92:af:77, ,5200,-86.0,32.1031242379023,35.20963378256423,698.5876172610194,2017-12-03 08:42:11,Aprrox. w-center Algo1
307,1c:b9:c4:16:06:bc,Ariel_University,5240,-89.0,32.10362342768032,35.20997474283989,701.730650058532,2017-12-03 08:42:11,Aprrox. w-center Algo1
308,1c:b9:c4:16:06:b8,Ariel_University,2462,-92.0,32.10373551064187,35.210097390538806,702.5269222030589,2017-12-03 08:46:37,Aprrox. w-center Algo1
309,3c:52:82:ef:d4:52,DIRECT-51-HP DeskJet 3630 series,2437,-88.0,32.10360702437693,35.20990817770251,700.2261390612397,2017-12-03 08:42:14,Aprrox. w-center Algo1
310,1c:b9:c4:15:ed:b8,IT-MNG,2412,-89.0,32.10336183777687,35.20975078092387,700.4082398392861,2017-12-03 08:42:14,Aprrox. w-center Algo1
311,1c:b9:c4:16:f1:58,Ariel_University,2437,-91.0,32.10330582524395,35.20961345624372,705.6224964500382,2017-12-03 08:54:27,Aprrox. w-center Algo1
312,1c:b9:c4:96:06:b7, ,5240,-83.0,32.10377640602972,35.21008430629888,706.2198169440267,2017-12-03 08:42:17,Aprrox. w-center Algo1
313,1c:b9:c4:16:e5:a8,Ariel_University,2437,-87.0,32.10360134361631,35.21001398704487,698.417663761569,2017-12-03 08:42:17,Aprrox. w-center Algo1
314,1c:b9:c4:16:e5:ac,Ariel_University,5180,-88.0,32.10360554777893,35.20981182556972,696.9845369879256,2017-12-03 08:42:17,Aprrox. w-center Algo1
315,c0:4a:00:71:ee:ee,Onicom,2452,-91.0,32.103488096295486,35.209807180370774,699.2249391711212,2017-12-03 08:42:17,Aprrox. w-center Algo1
316,24:79:2a:2b:bd:8c,Ariel_University,5220,-88.0,32.10379299376427,35.21009379786531,703.0223738791422,2017-12-03 08:42:20,Aprrox. w-center Algo1
317,24:79:2a:ab:bd:87, ,5220,-89.0,32.10379296292741,35.2100937127936,703.0188089055943,2017-12-03 08:42:20,Aprrox. w-center Algo1
318,1c:b9:c4:16:ed:48,Ariel_University,2437,-89.0,32.103647876620656,35.21008034790615,700.8670325153145,2017-12-03 08:42:20,Aprrox. w-center Algo1
319,24:79:2a:2b:bd:88,Ariel_University,2462,-89.0,32.103795234466794,35.210298645119956,698.5415131664224,2017-12-03 09:03:09,Aprrox. w-center Algo1
320,24:79:2a:2c:5c:18,Ariel_University,2462,-85.0,32.103918731556355,35.21045586018739,699.0688504989073,2017-12-03 09:06:11,Aprrox. w-center Algo1
321,24:79:2a:2b:07:b8,Ariel_University,2462,-91.0,32.10380270114714,35.21015452322491,702.0523943814188,2017-12-03 08:46:56,Aprrox. w-center Algo1
322,60:e3:27:7b:e0:98,HelpDesk,2427,-90.0,32.10402131069669,35.209857785995816,695.7926110926962,2017-12-03 08:45:25,Aprrox. w-center Algo1
323,24:79:2a:2b:07:bc,Ariel_University,5180,-90.0,32.10384306889388,35.210176057657876,702.88736051609,2017-12-03 08:42:23,Aprrox. w-center Algo1
324,3c:52:82:ef:a4:8b,DIRECT-8A-HP DeskJet 3630 series,2437,-89.0,32.10377344097353,35.21013482043957,699.0985950915649,2017-12-03 08:42:26,Aprrox. w-center Algo1
325,8c:0c:90:2e:e8:18,Ariel_University,2437,-81.0,32.10410891257016,35.21078051716717,699.1792849525282,2017-12-03 08:42:29,Aprrox. w-center Algo1
326,1c:b9:c4:15:ed:38,Ariel_University,2437,-89.0,32.104193123171584,35.2107405950427,693.9378905761171,2017-12-03 08:42:29,Aprrox. w-center Algo1
327,8c:0c:90:2d:34:38,Ariel_University,2462,-90.0,32.10407820371239,35.21069042172931,696.4326713867214,2017-12-03 08:42:29,Aprrox. w-center Algo1
328,24:79:2a:2b:24:98,Ariel_University,2412,-89.0,32.1042508100708,35.21062416797126,694.7682635009743,2017-12-03 08:47:09,Aprrox. w-center Algo1
329,24:79:2a:2c:61:68,Ariel_University,2437,-86.0,32.104047109642735,35.21059905198306,696.7270599946686,2017-12-03 08:42:32,Aprrox. w-center Algo1
330,24:79:2a:2b:24:9c,Ariel_University,5180,-87.0,32.104065424799884,35.21056380796895,697.5076283965512,2017-12-03 08:42:32,Aprrox. w-center Algo1
331,1c:b9:c4:16:e8:fc,Ariel_University,5180,-89.0,32.10415575294136,35.21103695836558,696.100390839485,2017-12-03 08:42:32,Aprrox. w-center Algo1
332,1c:b9:c4:15:ed:3c,Ariel_University,5180,-89.0,32.10414685341135,35.210800777058985,704.4425966317007,2017-12-03 08:42:32,Aprrox. w-center Algo1
333,1c:b9:c4:15:41:7c,Ariel_University,5220,-83.0,32.10416345117808,35.2110012459743,696.2173923900879,2017-12-03 08:42:35,Aprrox. w-center Algo1
334,1c:b9:c4:16:e8:f8,Ariel_University,2462,-91.0,32.10444145023441,35.21077228794139,697.3844070700502,2017-12-03 08:45:07,Aprrox. w-center Algo1
335,1c:b9:c4:95:41:77, ,5220,-84.0,32.104164383673286,35.2108876496702,704.5435791796842,2017-12-03 08:42:35,Aprrox. w-center Algo1
336,1c:b9:c4:96:e8:f7, ,5180,-89.0,32.104176317427466,35.21102625078787,700.3305528836255,2017-12-03 08:42:35,Aprrox. w-center Algo1
337,1c:b9:c4:95:ed:37, ,5180,-85.0,32.104180210701166,35.210971616382466,697.8335736441353,2017-12-03 08:42:38,Aprrox. w-center Algo1
338,1c:b9:c4:14:36:fc,Ariel_University,5180,-90.0,32.10423235881814,35.2111784466841,704.2993113818352,2017-12-03 08:42:38,Aprrox. w-center Algo1
339,1c:b9:c4:94:36:f7, ,5180,-89.0,32.10421174650141,35.211189336085184,697.9876832678715,2017-12-03 08:42:41,Aprrox. w-center Algo1
340,ec:8c:a2:88:79:a7, ,5180,-83.0,32.10490479074945,35.211247446727874,697.4311692397619,2017-12-03 08:42:59,Aprrox. w-center Algo1
341,1c:b9:c4:96:05:77, ,5180,-90.0,32.10490479074945,35.211247446727874,697.4311692397619,2017-12-03 08:42:59,Aprrox. w-center Algo1
342,00:11:6b:11:7e:0c,yosh,2412,-94.0,32.10466813487753,35.21089080885593,703.708044593434,2017-12-03 08:51:48,Aprrox. w-center Algo1
343,1c:b9:c4:16:2b:ec,Ariel_University,5180,-91.0,32.105083845149835,35.21105176968496,723.7793960780249,2017-12-03 08:44:54,Aprrox. w-center Algo1
344,00:1a:dd:f5:e2:e4, ,2447,-90.0,32.10468231924794,35.209925434331296,710.2256059369853,2017-12-03 08:45:18,Aprrox. w-center Algo1
345,00:1a:dd:f5:e2:e5,Afikim_Wifi,2447,-91.0,32.10477222514299,35.21012821479474,702.7538803082398,2017-12-03 08:45:00,Aprrox. w-center Algo1
346,08:ed:b9:3d:8f:4b,HP-Print-4b-LaserJet 400,2437,-89.0,32.1049280958924,35.21028241262848,722.9373547253995,2017-12-03 08:45:06,Aprrox. w-center Algo1
347,1c:b9:c4:15:34:bc,Ariel_University,5180,-90.0,32.1049280958924,35.21028241262848,722.9373547253995,2017-12-03 08:45:06,Aprrox. w-center Algo1
348,70:5a:0f:57:04:17,DIRECT-B1-HP DeskJet 3830 series,2462,-84.0,32.10474846,35.21005988,687.0,2017-12-03 08:45:10,Aprrox. w-center Algo1
349,1c:b9:c4:15:25:4c,Ariel_University,5220,-87.0,32.10474846,35.21005988,687.0,2017-12-03 08:45:10,Aprrox. w-center Algo1
350,90:6c:ac:9f:f1:c5,CliClap,2417,-90.0,32.10432787109738,35.20944039333655,718.4184377798202,2017-12-03 08:45:36,Aprrox. w-center Algo1
351,8c:0c:90:6f:36:58, ,2412,-78.0,32.104693402038414,35.20992463410953,706.1602376340919,2017-12-03 08:45:13,Aprrox. w-center Algo1
352,a2:6c:ac:a0:60:55,incentive2,5180,-84.0,32.104568792116325,35.20969930203204,704.3331469531614,2017-12-03 08:45:16,Aprrox. w-center Algo1
353,70:5a:0f:57:42:43,DIRECT-42-HP DeskJet 3830 series,2462,-75.0,32.10447804,35.20959776,687.0,2017-12-03 08:45:19,Aprrox. w-center Algo1
354,b2:6c:ac:a0:18:29,restore,2437,-85.0,32.103787136097495,35.20911580024808,687.9518351951255,2017-12-03 08:57:58,Aprrox. w-center Algo1
355,90:8d:78:54:6b:4d,Salomon,2412,-90.0,32.10460374739836,35.209807565289076,701.4256799553584,2017-12-03 08:49:52,Aprrox. w-center Algo1
356,24:79:2a:ac:5b:d7, ,5180,-92.0,32.10444130085198,35.20944049214144,719.6999289639562,2017-12-03 08:45:24,Aprrox. w-center Algo1
357,a2:6c:ac:9f:f1:c5,Guest,2417,-80.0,32.10435442695987,35.20935854287351,703.3204883399741,2017-12-03 08:45:28,Aprrox. w-center Algo1
358,b2:6c:ac:9f:f1:c5,paysday,2417,-90.0,32.10439907437414,35.209501432834735,720.9522612107127,2017-12-03 08:53:38,Aprrox. w-center Algo1
359,1c:b9:c4:96:cc:d7, ,5180,-89.0,32.10400629568038,35.20897410789561,716.4196812362657,2017-12-03 08:45:33,Aprrox. w-center Algo1
360,1c:b9:c4:16:1d:7c,Ariel_University,5220,-89.0,32.10380222483328,35.20943242378063,710.3086401521953,2017-12-03 09:06:43,Aprrox. w-center Algo1
361,8c:0c:90:2f:ca:18,Ariel_University,2412,-87.0,32.10386009727099,35.20889523702908,715.6639357440854,2017-12-03 08:45:36,Aprrox. w-center Algo1
362,00:02:6f:8e:64:67, ,2412,-90.0,32.10344907131182,35.20923973447798,708.5804377769539,2017-12-03 09:01:13,Aprrox. w-center Algo1
363,30:e1:71:0d:e0:63,DIRECT-61-HP DeskJet 3630 series,2437,-93.0,32.1034098379847,35.209329644806985,696.8469355301332,2017-12-03 08:45:39,Aprrox. w-center Algo1
364,24:79:2a:2c:3d:68,Ariel_University,2437,-90.0,32.10339539914512,35.208784193538825,699.0853653836788,2017-12-03 08:45:42,Aprrox. w-center Algo1
365,1c:b9:c4:16:12:e8,Ariel_University,2412,-90.0,32.10358120061593,35.20879532777539,702.3207686528216,2017-12-03 08:45:42,Aprrox. w-center Algo1
366,1c:b9:c4:92:90:b7, ,5200,-91.0,32.10307486333363,35.20912759493662,712.3984014019244,2017-12-03 08:50:48,Aprrox. w-center Algo1
367,8c:0c:90:ad:75:e3, ,2412,-89.0,32.10316859783213,35.20879221167606,703.647382162125,2017-12-03 08:45:51,Aprrox. w-center Algo1
368,1c:b9:c4:94:33:c7, ,5240,-83.0,32.10296085254736,35.20883419348608,714.3703447936505,2017-12-03 08:45:57,Aprrox. w-center Algo1
369,7e:ff:30:08:7f:bd,SETUP,2462,-80.0,32.10241537,35.208865,688.0,2017-12-03 08:46:06,Aprrox. w-center Algo1
370,1c:b9:c4:96:f1:47, ,5180,-83.0,32.10215532094677,35.20926006509077,703.3361961164649,2017-12-03 08:46:13,Aprrox. w-center Algo1
371,fc:3f:db:9c:36:3d,DIRECT-5C-HP DeskJet 3630 series,2437,-89.0,32.10206173176159,35.20947285980674,700.4320999806323,2017-12-03 08:46:13,Aprrox. w-center Algo1
372,1c:b9:c4:16:04:7c,Ariel_University,5300,-88.0,32.10227173846484,35.20927735809509,704.3875712040444,2017-12-03 08:54:47,Aprrox. w-center Algo1
373,1c:b9:c4:95:3d:57, ,5180,-87.0,32.1020008074778,35.20968340420071,700.0010789254476,2017-12-03 08:54:47,Aprrox. w-center Algo1
374,1c:b9:c4:15:43:ec,Ariel_University,5180,-89.0,32.102298630301554,35.20922609710819,706.4003318459148,2017-12-03 08:46:19,Aprrox. w-center Algo1
375,84:c9:b2:b7:c8:2d,Bezeq,2437,-93.0,32.10258120582479,35.20997250602206,698.0276205515277,2017-12-03 08:54:53,Aprrox. w-center Algo1
376,10:0d:7f:7c:90:0a,Malibu,2462,-91.0,32.1020859,35.20993739,692.0,2017-12-03 08:46:24,Aprrox. w-center Algo1
377,d0:d4:12:68:5b:ca,klyn,2412,-95.0,32.1020859,35.20993739,692.0,2017-12-03 08:46:24,Aprrox. w-center Algo1
378,14:ae:db:4f:50:75,GuyEmily,2437,-90.0,32.10219394918968,35.21000358431366,700.9890867525717,2017-12-03 08:54:50,Aprrox. w-center Algo1
379,e8:94:f6:d5:98:86,TP-LINK_D59886,2452,-94.0,32.10225656,35.21001902,692.0,2017-12-03 08:46:27,Aprrox. w-center Algo1
380,1c:b9:c4:95:3d:67, ,5220,-88.0,32.10263051540787,35.21002970756891,712.9572535195944,2017-12-03 08:46:31,Aprrox. w-center Algo1
381,1c:b9:c4:95:1e:67, ,5180,-89.0,32.10263051540787,35.21002970756891,712.9572535195944,2017-12-03 08:46:31,Aprrox. w-center Algo1
382,1c:b9:c4:96:ee:97, ,5180,-91.0,32.102828942569055,35.20990359456348,712.964955332782,2017-12-03 08:46:34,Aprrox. w-center Algo1
383,1c:b9:c4:15:1c:bc,Ariel_University,5180,-90.0,32.103388164157224,35.209780212663475,713.0579802632583,2017-12-03 08:46:43,Aprrox. w-center Algo1
384,1c:b9:c4:14:2b:8c,Ariel_University,5220,-90.0,32.103388164157224,35.209780212663475,713.0579802632583,2017-12-03 08:46:43,Aprrox. w-center Algo1
385,3c:1e:04:05:5f:f5,BezeqNGN_009030_2.4GHz_1,2412,-95.0,32.10427768945722,35.21140688710281,701.7264123572375,2017-12-03 08:47:15,Aprrox. w-center Algo1
386,1c:b9:c4:96:2b:e7, ,5180,-89.0,32.10500618141325,35.21121884301277,710.7756189683926,2017-12-03 08:49:18,Aprrox. w-center Algo1
387,a0:8c:fd:8c:c5:b2,DIRECT-98-HP DeskJet 3630 series,2437,-92.0,32.10497406,35.2111867,696.0,2017-12-03 08:49:29,Aprrox. w-center Algo1
388,30:e1:71:0f:b2:6a,DIRECT-69-HP DeskJet 3630 series,2437,-93.0,32.10497523,35.21118447,698.0,2017-12-03 08:49:32,Aprrox. w-center Algo1
389,00:1a:dd:f5:df:c5,Afikim_Wifi,2437,-93.0,32.10488210412439,35.210373607684296,704.0554242419931,2017-12-03 08:49:44,Aprrox. w-center Algo1
390,18:d6:c7:ad:25:1a, ,2472,-89.0,32.10494482726751,35.210446896260514,717.6172124232385,2017-12-03 08:49:48,Aprrox. w-center Algo1
391,00:1a:dd:f5:df:c4, ,2437,-89.0,32.10494482726751,35.210446896260514,717.6172124232385,2017-12-03 08:49:48,Aprrox. w-center Algo1
392,30:b5:c2:b8:40:36, ,2472,-91.0,32.10494482726751,35.210446896260514,717.6172124232385,2017-12-03 08:49:48,Aprrox. w-center Algo1
393,58:70:c6:fb:96:30,YICarCam_fb9630,2432,-88.0,32.10473133,35.21000489,687.0,2017-12-03 08:49:58,Aprrox. w-center Algo1
394,9c:d2:1e:04:e6:2c,HP-Print-2c-LaserJet 400 color,2437,-91.0,32.10473133,35.21000489,687.0,2017-12-03 08:49:58,Aprrox. w-center Algo1
395,30:e1:71:0d:e0:67,DIRECT-66-HP DeskJet 3630 series,2437,-83.0,32.10455252,35.2096924,689.0,2017-12-03 08:50:04,Aprrox. w-center Algo1
396,1c:b9:c4:96:1d:77, ,5220,-85.0,32.10377001820289,35.20885655710274,710.364346402885,2017-12-03 08:50:20,Aprrox. w-center Algo1
397,1c:b9:c4:94:2f:67, ,5180,-84.0,32.10293474085022,35.20878314332855,707.5299710413922,2017-12-03 08:50:36,Aprrox. w-center Algo1
398,1c:b9:c4:14:2c:3c,Ariel_University,5260,-87.0,32.10297607611515,35.20994729531626,696.7128933837492,2017-12-03 08:51:09,Aprrox. w-center Algo1
399,1c:b9:c4:96:f1:57, ,5260,-89.0,32.103260452095796,35.20974024367279,703.9055825038959,2017-12-03 08:51:21,Aprrox. w-center Algo1
400,1c:b9:c4:16:f1:5c,Ariel_University,5260,-89.0,32.1033105561659,35.20975755219821,703.941478824367,2017-12-03 08:51:21,Aprrox. w-center Algo1
401,24:79:2a:2c:5c:1c,Ariel_University,5180,-89.0,32.103807998636846,35.21015332723746,707.2625708373013,2017-12-03 08:51:30,Aprrox. w-center Algo1
402,24:79:2a:ac:5c:17, ,5180,-91.0,32.103986543611605,35.21044402294606,705.1048860032018,2017-12-03 08:51:36,Aprrox. w-center Algo1
403,24:79:2a:ab:24:97, ,5180,-86.0,32.10406637837736,35.21063207786472,704.8039142370221,2017-12-03 08:51:39,Aprrox. w-center Algo1
404,c8:be:19:07:77:b9,Bezeq-N_0777b8,2462,-88.0,32.10413712623305,35.21082446017363,704.7212452331758,2017-12-03 08:51:42,Aprrox. w-center Algo1
405,24:79:2a:2c:61:6c,Ariel_University,5180,-92.0,32.10413712623305,35.210824460173626,704.7212452331758,2017-12-03 08:51:42,Aprrox. w-center Algo1
406,1c:b9:c4:95:36:97, ,5180,-86.0,32.105028069933155,35.210961717985285,733.9581295039463,2017-12-03 08:53:26,Aprrox. w-center Algo1
407,24:c9:a1:36:52:d8,Ariel_University,2412,-90.0,32.10481856308317,35.210123150849206,726.1049342872047,2017-12-03 08:53:41,Aprrox. w-center Algo1
408,90:6c:ac:a0:7b:55,EVE,5260,-73.0,32.10465583147739,35.209799109729424,721.9074685803262,2017-12-03 08:53:47,Aprrox. w-center Algo1
409,90:6c:ac:a0:60:55,Guest,5180,-82.0,32.10465583147739,35.209799109729424,721.9074685803262,2017-12-03 08:53:47,Aprrox. w-center Algo1
410,1c:b9:c4:94:2c:37, ,5260,-90.0,32.10273247579181,35.209859359412114,700.6765495004639,2017-12-03 08:55:05,Aprrox. w-center Algo1
411,c0:bd:d1:d5:8c:55,AndroidAP,2437,-80.0,32.10312597,35.20921578,696.5,2017-12-03 08:57:58,Aprrox. w-center Algo1
412,e4:95:6e:40:87:1a,OOP_course,2412,-20.0,32.10300921,35.2096084,701.0,2017-12-03 09:01:13,Aprrox. w-center Algo1
413,24:79:2a:2b:02:78,Ariel_University,2437,-80.0,32.10381301,35.21016707,708.0,2017-12-03 09:06:35,Aprrox. w-center Algo1
414,1c:b9:c4:15:ed:bc,IT-MNG,5240,-85.0,32.1034255,35.20978696,702.0,2017-12-03 09:07:13,Aprrox. w-center Algo1
